{
  "d_loss": 1.4826461615100983,
  "g_loss": -0.5119432499331813,
  "d_gp": 0.14121114150170358,
  "d_wass_loss": 0.07053488264641454,
  "real_score": 0.4414083255875495,
  "gen_score": 0.5119432499331813
}