{
  "d_loss": 1.5356321046429295,
  "g_loss": -0.551444617009932,
  "d_gp": 0.1512032449245453,
  "d_wass_loss": 0.023599741529793508,
  "real_score": 0.527844863553201,
  "gen_score": 0.551444617009932
}