{
  "d_loss": 1.9969517492478894,
  "g_loss": -0.4380539982549606,
  "d_gp": 0.19532677387037584,
  "d_wass_loss": 0.04368390365233345,
  "real_score": 0.3943700982678321,
  "gen_score": 0.4380539982549606
}