{
  "d_loss": 1.642280109467045,
  "g_loss": -0.4645567459444846,
  "d_gp": 0.17391161260104948,
  "d_wass_loss": -0.09683613407035027,
  "real_score": 0.5613928744869847,
  "gen_score": 0.4645567459444846
}