{
  "d_loss": 5.942696171422159,
  "g_loss": -0.17021398390493087,
  "d_gp": 0.5817439402303388,
  "d_wass_loss": 0.12525686092915073,
  "real_score": 0.04495713222892054,
  "gen_score": 0.17021398390493087
}