{
  "d_loss": 1.85013952947432,
  "g_loss": -0.4367544218417137,
  "d_gp": 0.2003950793896952,
  "d_wass_loss": -0.15381125913512322,
  "real_score": 0.5905656718438671,
  "gen_score": 0.4367544218417137
}