{
  "d_loss": 1.5715889353905954,
  "g_loss": -0.48913659684119687,
  "d_gp": 0.16247613631909893,
  "d_wass_loss": -0.05317256888074259,
  "real_score": 0.5423091880736812,
  "gen_score": 0.48913659684119687
}