{
  "d_loss": 1.3349222771583065,
  "g_loss": -0.5074340306943462,
  "d_gp": 0.13854535428747053,
  "d_wass_loss": -0.050531277012440465,
  "real_score": 0.5579653709165512,
  "gen_score": 0.5074340306943462
}