{
  "d_loss": 1.7736798678675005,
  "g_loss": -0.46931346577982747,
  "d_gp": 0.16785360872745514,
  "d_wass_loss": 0.09514383298735465,
  "real_score": 0.37416967557322595,
  "gen_score": 0.46931346577982747
}