{
  "d_loss": 1.2614797546017555,
  "g_loss": -0.5138021361443305,
  "d_gp": 0.13207269748372416,
  "d_wass_loss": -0.059247128665447235,
  "real_score": 0.5730492934103935,
  "gen_score": 0.5138021361443305
}