{
  "d_loss": 1.4082822838137228,
  "g_loss": -0.4911137963494947,
  "d_gp": 0.13686710548016331,
  "d_wass_loss": 0.039611427293669794,
  "real_score": 0.45150235295295715,
  "gen_score": 0.4911137963494947
}