{
  "d_loss": 7.488089822953747,
  "g_loss": -0.08250140783286863,
  "d_gp": 0.7419361683630175,
  "d_wass_loss": 0.06872842196495302,
  "real_score": 0.013772982277817303,
  "gen_score": 0.08250140783286863
}