{
  "d_loss": 1.5701606389014953,
  "g_loss": -0.4588264246140757,
  "d_gp": 0.16574865243127268,
  "d_wass_loss": -0.08732594814031355,
  "real_score": 0.5461523667458565,
  "gen_score": 0.4588264246140757
}