{
  "d_loss": 1.4951895052386868,
  "g_loss": -0.5300041437149048,
  "d_gp": 0.14344434680477267,
  "d_wass_loss": 0.060746085679819505,
  "real_score": 0.4692580949875616,
  "gen_score": 0.5300041437149048
}