{
  "d_loss": 1.59602713969446,
  "g_loss": -0.5172360385617902,
  "d_gp": 0.15577253218620055,
  "d_wass_loss": 0.038301829909605366,
  "real_score": 0.4789342120770485,
  "gen_score": 0.5172360385617902
}