{
  "d_loss": 1.4346952322990663,
  "g_loss": -0.4621241150363799,
  "d_gp": 0.15006172729115333,
  "d_wass_loss": -0.06592200528229436,
  "real_score": 0.5280461070999023,
  "gen_score": 0.4621241150363799
}