{
  "d_loss": 6.2438713812058975,
  "g_loss": -0.15821934563498344,
  "d_gp": 0.6124192476272583,
  "d_wass_loss": 0.11967833147894952,
  "real_score": 0.03854101679978832,
  "gen_score": 0.15821934563498344
}