{
  "d_loss": 5.517404833147602,
  "g_loss": -0.22910688144545402,
  "d_gp": 0.5365033092037323,
  "d_wass_loss": 0.15237199298797116,
  "real_score": 0.07673488184809685,
  "gen_score": 0.22910688144545402
}