{
  "d_loss": 2.2378504045547976,
  "g_loss": -0.5389786208829572,
  "d_gp": 0.204469500049468,
  "d_wass_loss": 0.1931554304976617,
  "real_score": 0.3458231802909605,
  "gen_score": 0.5389786208829572
}