{
  "d_loss": 1.88243947106023,
  "g_loss": -0.5119471655737969,
  "d_gp": 0.17593384870598394,
  "d_wass_loss": 0.12310076553014017,
  "real_score": 0.3888463666362147,
  "gen_score": 0.5119471655737969
}