{
  "d_loss": 1.4764672940777195,
  "g_loss": -0.4695910051945717,
  "d_gp": 0.15624732740463748,
  "d_wass_loss": -0.08600605351309623,
  "real_score": 0.55559705726562,
  "gen_score": 0.4695910051945717
}