{
  "d_loss": 6.55716771464194,
  "g_loss": -0.14090169942186725,
  "d_gp": 0.6448268313561717,
  "d_wass_loss": 0.10889955754241636,
  "real_score": 0.03200214356184006,
  "gen_score": 0.14090169942186725
}