{
  "d_loss": 3.2855038181427987,
  "g_loss": -0.5100807441819099,
  "d_gp": 0.30126473499882606,
  "d_wass_loss": 0.27285626626783804,
  "real_score": 0.23722444042082755,
  "gen_score": 0.5100807441819099
}