{
  "d_loss": 1.4695301940364223,
  "g_loss": -0.46833625339692636,
  "d_gp": 0.14571243620687915,
  "d_wass_loss": 0.01240577136406735,
  "real_score": 0.4559304925703233,
  "gen_score": 0.46833625339692636
}