{
  "d_loss": 2.721990777600196,
  "g_loss": -0.4813212338955172,
  "d_gp": 0.24951965914618585,
  "d_wass_loss": 0.22679419382925955,
  "real_score": 0.2545270540060536,
  "gen_score": 0.4813212338955172
}