{
  "d_loss": 1.642606302615135,
  "g_loss": -0.5491291342243072,
  "d_gp": 0.16811337225860165,
  "d_wass_loss": -0.03852735159377898,
  "real_score": 0.5876565018007832,
  "gen_score": 0.5491291342243072
}