{
  "d_loss": 1.388816806577867,
  "g_loss": -0.5151406853429733,
  "d_gp": 0.14452326778442628,
  "d_wass_loss": -0.056415983986470006,
  "real_score": 0.5715566373640492,
  "gen_score": 0.5151406853429733
}