{
  "d_loss": 5.840388405707575,
  "g_loss": -0.1930296305687197,
  "d_gp": 0.5699622669527608,
  "d_wass_loss": 0.1407652603041741,
  "real_score": 0.05226436209294104,
  "gen_score": 0.1930296305687197
}