{
  "d_loss": 2.427749487661546,
  "g_loss": -0.5356070879966982,
  "d_gp": 0.22052575647830963,
  "d_wass_loss": 0.2224921497606462,
  "real_score": 0.3131149334292258,
  "gen_score": 0.5356070879966982
}