{
  "d_loss": 1.4752211070829822,
  "g_loss": -0.44086409961023637,
  "d_gp": 0.1591218435956586,
  "d_wass_loss": -0.11599718442847652,
  "real_score": 0.5568613044677242,
  "gen_score": 0.44086409961023637
}