{
  "d_loss": 1.465704833307574,
  "g_loss": -0.4598868614242923,
  "d_gp": 0.1576209224520191,
  "d_wass_loss": -0.11050441572743078,
  "real_score": 0.5703912646539749,
  "gen_score": 0.4598868614242923
}