{
  "d_loss": 1.2138252392891915,
  "g_loss": -0.49274878251937126,
  "d_gp": 0.13063274323940277,
  "d_wass_loss": -0.09250222098442816,
  "real_score": 0.585250981392399,
  "gen_score": 0.49274878251937126
}