{
  "d_loss": 1.8106898223200152,
  "g_loss": -0.5805775715458777,
  "d_gp": 0.16862110937795333,
  "d_wass_loss": 0.12447877901215706,
  "real_score": 0.4560987305256628,
  "gen_score": 0.5805775715458777
}