{
  "d_loss": 4.588114707700668,
  "g_loss": -0.31322160555470374,
  "d_gp": 0.43909777268286676,
  "d_wass_loss": 0.1971371010426552,
  "real_score": 0.11608450547341377,
  "gen_score": 0.31322160555470374
}