{
  "d_loss": 1.5812564934453657,
  "g_loss": -0.487460853592042,
  "d_gp": 0.1644533995178438,
  "d_wass_loss": -0.06327759270225802,
  "real_score": 0.550738392337676,
  "gen_score": 0.487460853592042
}