{
  "d_loss": 1.6163022287430302,
  "g_loss": -0.48652582879989376,
  "d_gp": 0.1545313120849671,
  "d_wass_loss": 0.07098915019342976,
  "real_score": 0.4155366978337688,
  "gen_score": 0.48652582879989376
}