{
  "d_loss": 1.3882983615321498,
  "g_loss": -0.5052474592962573,
  "d_gp": 0.14564936055291083,
  "d_wass_loss": -0.06819524375661727,
  "real_score": 0.5734426975250244,
  "gen_score": 0.5052474592962573
}