{
  "d_loss": 7.028821191480083,
  "g_loss": -0.11037207539043119,
  "d_gp": 0.6941207205095599,
  "d_wass_loss": 0.08761394528612014,
  "real_score": 0.022758123404797045,
  "gen_score": 0.11037207539043119
}