{
  "d_loss": 1.6827767202931065,
  "g_loss": -0.529476260946643,
  "d_gp": 0.16540154934890808,
  "d_wass_loss": 0.028761186456728365,
  "real_score": 0.500715107687058,
  "gen_score": 0.529476260946643
}