{
  "d_loss": 4.163902821079377,
  "g_loss": -0.40283292339694116,
  "d_gp": 0.3934520415721401,
  "d_wass_loss": 0.22938240631934134,
  "real_score": 0.17345047525821194,
  "gen_score": 0.40283292339694116
}