{
  "d_loss": 3.8426177809315343,
  "g_loss": -0.4051461604333693,
  "d_gp": 0.36245796372813566,
  "d_wass_loss": 0.21803834649824327,
  "real_score": 0.18710781008966507,
  "gen_score": 0.4051461604333693
}