{
  "d_loss": 1.5253120007053498,
  "g_loss": -0.5080577471563893,
  "d_gp": 0.15079936577427772,
  "d_wass_loss": 0.01731837633997202,
  "real_score": 0.49073934266644137,
  "gen_score": 0.5080577471563893
}