{
  "d_loss": 1.6848053778371503,
  "g_loss": -0.47822734521281335,
  "d_gp": 0.17613494396209717,
  "d_wass_loss": -0.07654389955343739,
  "real_score": 0.5547712406804485,
  "gen_score": 0.47822734521281335
}