{
  "d_loss": 7.680725759075534,
  "g_loss": -0.00833942933428672,
  "d_gp": 0.7668552110272069,
  "d_wass_loss": 0.012173482091560389,
  "real_score": -0.00383405267230926,
  "gen_score": 0.00833942933428672
}