{
  "d_loss": 1.566362363676871,
  "g_loss": -0.5121523324520357,
  "d_gp": 0.1633017387601637,
  "d_wass_loss": -0.06665505396742974,
  "real_score": 0.5788074116553029,
  "gen_score": 0.5121523324520357
}