{
  "d_loss": 1.6243631224478445,
  "g_loss": -0.5073062719837311,
  "d_gp": 0.1525456165113757,
  "d_wass_loss": 0.09890713518665682,
  "real_score": 0.4083991627539358,
  "gen_score": 0.5073062719837311
}