{
  "d_loss": 1.4405175947373914,
  "g_loss": -0.49466831741794465,
  "d_gp": 0.14813802992143937,
  "d_wass_loss": -0.04086267479485081,
  "real_score": 0.5355310488131738,
  "gen_score": 0.49466831741794465
}