{
  "d_loss": 1.3914670252030896,
  "g_loss": -0.4698352304197127,
  "d_gp": 0.14971073212162142,
  "d_wass_loss": -0.10564034456206907,
  "real_score": 0.5754755562351596,
  "gen_score": 0.4698352304197127
}