{
  "d_loss": 1.1999085718585598,
  "g_loss": -0.5658841017753847,
  "d_gp": 0.11391932853767948,
  "d_wass_loss": 0.0607152059674263,
  "real_score": 0.5051689311381309,
  "gen_score": 0.5658841017753847
}