{
  "d_loss": 1.5302425007666312,
  "g_loss": -0.49199862249435916,
  "d_gp": 0.14620588719844818,
  "d_wass_loss": 0.0681835689371632,
  "real_score": 0.4238150562009504,
  "gen_score": 0.49199862249435916
}