{
  "d_loss": 1.1716145930751678,
  "g_loss": -0.47292894509530836,
  "d_gp": 0.12272511014053898,
  "d_wass_loss": -0.05563645341223286,
  "real_score": 0.5285653962242988,
  "gen_score": 0.47292894509530836
}