{
  "d_loss": 1.2586208697288268,
  "g_loss": -0.47011790929302094,
  "d_gp": 0.12583475007164863,
  "d_wass_loss": 0.00027340126337460993,
  "real_score": 0.46984450855562765,
  "gen_score": 0.47011790929302094
}