{
  "d_loss": 1.52820856917289,
  "g_loss": -0.4721390489609011,
  "d_gp": 0.15776059103588905,
  "d_wass_loss": -0.04939740175201047,
  "real_score": 0.5215364233140023,
  "gen_score": 0.4721390489609011
}