{
  "d_loss": 1.4212055360117266,
  "g_loss": -0.48724784101209334,
  "d_gp": 0.14951154036868003,
  "d_wass_loss": -0.07390994770872977,
  "real_score": 0.5611578053043734,
  "gen_score": 0.48724784101209334
}