{
  "d_loss": 1.381136946139797,
  "g_loss": -0.5092873025325036,
  "d_gp": 0.14055563485430134,
  "d_wass_loss": -0.02441927340001829,
  "real_score": 0.53370651410472,
  "gen_score": 0.5092873025325036
}