{
  "d_loss": 1.5079756763673597,
  "g_loss": -0.5079191202117551,
  "d_gp": 0.15236631780862808,
  "d_wass_loss": -0.015687567121799913,
  "real_score": 0.5236066781705425,
  "gen_score": 0.5079191202117551
}