{
  "d_loss": 1.745408215830403,
  "g_loss": -0.5086564075562262,
  "d_gp": 0.17793900375404664,
  "d_wass_loss": -0.03398196597493464,
  "real_score": 0.5426383508789924,
  "gen_score": 0.5086564075562262
}