{
  "d_loss": 1.3651215395619791,
  "g_loss": -0.5429376748300367,
  "d_gp": 0.13476914888428104,
  "d_wass_loss": 0.017430003822570848,
  "real_score": 0.5255077394746965,
  "gen_score": 0.5429376748300367
}