{
  "d_loss": 1.5932073785412697,
  "g_loss": -0.4721647154900335,
  "d_gp": 0.16627717955458549,
  "d_wass_loss": -0.06956457983582251,
  "real_score": 0.541729252184591,
  "gen_score": 0.4721647154900335
}