{
  "d_loss": 1.3418407594003985,
  "g_loss": -0.5738723489546007,
  "d_gp": 0.12918559654105094,
  "d_wass_loss": 0.0499848069683198,
  "real_score": 0.5238876006295604,
  "gen_score": 0.5738723489546007
}