{
  "d_loss": 1.9578185850574124,
  "g_loss": -0.45455443186144673,
  "d_gp": 0.19057274970316118,
  "d_wass_loss": 0.052090984018098925,
  "real_score": 0.4024634688131271,
  "gen_score": 0.45455443186144673
}