{
  "d_loss": 1.6359777104470037,
  "g_loss": -0.5351212034302373,
  "d_gp": 0.15489427793410518,
  "d_wass_loss": 0.08703488423939675,
  "real_score": 0.44808635788579143,
  "gen_score": 0.5351212034302373
}