{
  "d_loss": 1.4707222157909023,
  "g_loss": -0.530402603649324,
  "d_gp": 0.1520167231079071,
  "d_wass_loss": -0.04944500771741713,
  "real_score": 0.5798476280704621,
  "gen_score": 0.530402603649324
}