{
  "d_loss": 1.2888250889316681,
  "g_loss": -0.4769944510152263,
  "d_gp": 0.13620412541973975,
  "d_wass_loss": -0.07321621093057817,
  "real_score": 0.5502106460832781,
  "gen_score": 0.4769944510152263
}