{
  "d_loss": 1.326400218471404,
  "g_loss": -0.5433788732174905,
  "d_gp": 0.13302609132182214,
  "d_wass_loss": -0.00386072558534755,
  "real_score": 0.5472396410280659,
  "gen_score": 0.5433788732174905
}