{
  "d_loss": 4.433010793501331,
  "g_loss": -0.4033021763447792,
  "d_gp": 0.418887423892175,
  "d_wass_loss": 0.2441367074366539,
  "real_score": 0.15916541891713296,
  "gen_score": 0.4033021763447792
}