{
  "d_loss": 5.724830658205094,
  "g_loss": -0.21343446835394828,
  "d_gp": 0.5571552476575298,
  "d_wass_loss": 0.15327817249682643,
  "real_score": 0.06015628972841847,
  "gen_score": 0.21343446835394828
}