{
  "d_loss": 2.1681591541536394,
  "g_loss": -0.5229857294790207,
  "d_gp": 0.19734643688124995,
  "d_wass_loss": 0.1946947315046864,
  "real_score": 0.3282910047038909,
  "gen_score": 0.5229857294790207
}