{
  "d_loss": 2.90063674219193,
  "g_loss": -0.47421954331859467,
  "d_gp": 0.26990815660645884,
  "d_wass_loss": 0.20155504538166907,
  "real_score": 0.27266448111303393,
  "gen_score": 0.47421954331859467
}