{
  "d_loss": 1.4080606814353698,
  "g_loss": -0.5285053147423652,
  "d_gp": 0.1378510447759782,
  "d_wass_loss": 0.02955022573681368,
  "real_score": 0.4989551161566088,
  "gen_score": 0.5285053147423652
}