{
  "d_loss": 1.7609482272978751,
  "g_loss": -0.5072184474237503,
  "d_gp": 0.16139381499059738,
  "d_wass_loss": 0.1470101240181154,
  "real_score": 0.3602082710112295,
  "gen_score": 0.5072184474237503
}