{
  "d_loss": 1.2488362866063272,
  "g_loss": -0.46142305481818413,
  "d_gp": 0.1348588985781516,
  "d_wass_loss": -0.09975266745013575,
  "real_score": 0.5611756790068841,
  "gen_score": 0.46142305481818413
}