{
  "d_loss": 1.7709155813340218,
  "g_loss": -0.4853311729046606,
  "d_gp": 0.18374033656812483,
  "d_wass_loss": -0.06648762355889043,
  "real_score": 0.5518187476742652,
  "gen_score": 0.4853311729046606
}