{
  "d_loss": 1.9929672364265687,
  "g_loss": -0.5290267525180694,
  "d_gp": 0.18506992632342922,
  "d_wass_loss": 0.14226794723541505,
  "real_score": 0.3867588177804024,
  "gen_score": 0.5290267525180694
}