{
  "d_loss": 2.8644217060458277,
  "g_loss": -0.5695452344033026,
  "d_gp": 0.2580555850459683,
  "d_wass_loss": 0.28386584116566566,
  "real_score": 0.28567936920350595,
  "gen_score": 0.5695452344033026
}