{
  "d_loss": 1.2737299626873386,
  "g_loss": -0.4737312409185594,
  "d_gp": 0.1342959747679772,
  "d_wass_loss": -0.0692298210436298,
  "real_score": 0.5429610956099725,
  "gen_score": 0.4737312409185594
}