{
  "d_loss": 5.504728978680026,
  "g_loss": -0.2203538033270067,
  "d_gp": 0.5352762360726634,
  "d_wass_loss": 0.15196705104843264,
  "real_score": 0.06838675684505893,
  "gen_score": 0.2203538033270067
}