{
  "d_loss": 4.740312668585008,
  "g_loss": -0.27912651050475334,
  "d_gp": 0.4566943212862938,
  "d_wass_loss": 0.17336909521010616,
  "real_score": 0.10575741168952757,
  "gen_score": 0.27912651050475334
}