{
  "d_loss": 1.1736278168616756,
  "g_loss": -0.5878170267228158,
  "d_gp": 0.10896592635300852,
  "d_wass_loss": 0.08396837151338978,
  "real_score": 0.5038486834495298,
  "gen_score": 0.5878170267228158
}