{
  "d_loss": 1.32689409102163,
  "g_loss": -0.4793174430247276,
  "d_gp": 0.1308282856498995,
  "d_wass_loss": 0.018611144304515853,
  "real_score": 0.46070630896476006,
  "gen_score": 0.4793174430247276
}