{
  "d_loss": 4.542887564628355,
  "g_loss": -0.3981025497759542,
  "d_gp": 0.4289534668768606,
  "d_wass_loss": 0.25335301314630815,
  "real_score": 0.14474953951374178,
  "gen_score": 0.3981025497759542
}