{
  "d_loss": 3.0174661913225727,
  "g_loss": -0.512437782941326,
  "d_gp": 0.2725266247026382,
  "d_wass_loss": 0.2921999587166694,
  "real_score": 0.22023785546902688,
  "gen_score": 0.512437782941326
}