{
  "d_loss": 1.2719081082651693,
  "g_loss": -0.5074473484869926,
  "d_gp": 0.12703028753880533,
  "d_wass_loss": 0.0016051559904289821,
  "real_score": 0.5058421607940428,
  "gen_score": 0.5074473484869926
}