{
  "d_loss": 5.02224193080779,
  "g_loss": -0.2765137332101022,
  "d_gp": 0.4840821748779666,
  "d_wass_loss": 0.18142040891032066,
  "real_score": 0.09509333631684704,
  "gen_score": 0.2765137332101022
}