{
  "d_loss": 1.4358321928208875,
  "g_loss": -0.5138545170907052,
  "d_gp": 0.15034460228297017,
  "d_wass_loss": -0.06761388805124068,
  "real_score": 0.5814683341210888,
  "gen_score": 0.5138545170907052
}