{
  "d_loss": 1.953010259136077,
  "g_loss": -0.5930809128669,
  "d_gp": 0.1746197751452846,
  "d_wass_loss": 0.20681248701387836,
  "real_score": 0.38626843017916523,
  "gen_score": 0.5930809128669
}