{
  "d_loss": 1.7008995586825955,
  "g_loss": -0.5408445692831471,
  "d_gp": 0.17398375465023902,
  "d_wass_loss": -0.03893804405966113,
  "real_score": 0.5797826455485436,
  "gen_score": 0.5408445692831471
}