{
  "d_loss": 7.151628801899571,
  "g_loss": -0.10426990086993863,
  "d_gp": 0.7066449061516793,
  "d_wass_loss": 0.08517919649039546,
  "real_score": 0.019090705400993748,
  "gen_score": 0.10426990086993863
}