{
  "d_loss": 7.669451528979886,
  "g_loss": -0.049810658659665816,
  "d_gp": 0.7624812068477753,
  "d_wass_loss": 0.044639676328628294,
  "real_score": 0.0051709797849217734,
  "gen_score": 0.049810658659665816
}