{
  "d_loss": 1.1496274048282253,
  "g_loss": -0.521038786057503,
  "d_gp": 0.12219370925618757,
  "d_wass_loss": -0.07230972726979563,
  "real_score": 0.5933485300310196,
  "gen_score": 0.521038786057503
}