{
  "d_loss": 4.887582502057476,
  "g_loss": -0.4018139358489744,
  "d_gp": 0.4616354626993979,
  "d_wass_loss": 0.271227833724791,
  "real_score": 0.1305861148622728,
  "gen_score": 0.4018139358489744
}