{
  "d_loss": 3.5932781388682704,
  "g_loss": -0.41077280044555664,
  "d_gp": 0.338581794692624,
  "d_wass_loss": 0.20746015877492965,
  "real_score": 0.20331263397970506,
  "gen_score": 0.41077280044555664
}