{
  "d_loss": 2.8661757746050434,
  "g_loss": -0.5596725575385555,
  "d_gp": 0.26049326023747843,
  "d_wass_loss": 0.2612433794044679,
  "real_score": 0.298429197842075,
  "gen_score": 0.5596725575385555
}