{
  "d_loss": 1.7664664330021027,
  "g_loss": -0.5745003857920247,
  "d_gp": 0.17298573207470677,
  "d_wass_loss": 0.03660904826416123,
  "real_score": 0.5378913216052517,
  "gen_score": 0.5745003857920247
}