{
  "d_loss": 5.037075888726019,
  "g_loss": -0.2527512787811218,
  "d_gp": 0.4869708793778573,
  "d_wass_loss": 0.16736684018565762,
  "real_score": 0.08538443162556618,
  "gen_score": 0.2527512787811218
}