{
  "d_loss": 1.203637946036554,
  "g_loss": -0.4715125791488155,
  "d_gp": 0.12932440782746962,
  "d_wass_loss": -0.0896062033791696,
  "real_score": 0.561118814253038,
  "gen_score": 0.4715125791488155
}