{
  "d_loss": 6.793774866288708,
  "g_loss": -0.12441457111027933,
  "d_gp": 0.669607808513026,
  "d_wass_loss": 0.09769672107311987,
  "real_score": 0.02671785742765473,
  "gen_score": 0.12441457111027933
}