{
  "d_loss": 1.4155118792287764,
  "g_loss": -0.5150177440335674,
  "d_gp": 0.141460063236375,
  "d_wass_loss": 0.0009112716051599671,
  "real_score": 0.5141064755378231,
  "gen_score": 0.5150177440335674
}