{
  "d_loss": 1.452084929712357,
  "g_loss": -0.5007815822478263,
  "d_gp": 0.1520448949548506,
  "d_wass_loss": -0.0683639781369317,
  "real_score": 0.5691455698782398,
  "gen_score": 0.5007815822478263
}