{
  "d_loss": 1.2943975848536338,
  "g_loss": -0.46504244208335876,
  "d_gp": 0.1292172019039431,
  "d_wass_loss": 0.002225376330546081,
  "real_score": 0.4628170430660248,
  "gen_score": 0.46504244208335876
}