{
  "d_loss": -1.1593453027307987,
  "g_loss": 3.2324022501707077,
  "d_gp": 0.018516162293963134,
  "d_wass_loss": -1.344506911933422,
  "real_score": -1.887895606458187,
  "gen_score": -3.2324022501707077
}