{
  "d_loss": -1.1869870200753212,
  "g_loss": 3.2257691994309425,
  "d_gp": 0.01978706070804037,
  "d_wass_loss": -1.3848574236035347,
  "real_score": -1.8409115448594093,
  "gen_score": -3.2257691994309425
}