{
  "d_loss": -0.9648871347308159,
  "g_loss": 2.652594119310379,
  "d_gp": 0.03316129429731518,
  "d_wass_loss": -1.296500138938427,
  "real_score": -1.3560940138995647,
  "gen_score": -2.652594119310379
}