{
  "d_loss": -1.10059879347682,
  "g_loss": 3.0218964368104935,
  "d_gp": 0.025662371888756752,
  "d_wass_loss": -1.3572225533425808,
  "real_score": -1.664674073457718,
  "gen_score": -3.0218964368104935
}