{
  "d_loss": -0.2096042651683092,
  "g_loss": 2.567440778017044,
  "d_gp": 0.031953251716913655,
  "d_wass_loss": -0.5291367815807462,
  "real_score": -2.0383035503327847,
  "gen_score": -2.567440778017044
}