{
  "d_loss": -1.1137905642390251,
  "g_loss": 2.9873791337013245,
  "d_gp": 0.021422330872155726,
  "d_wass_loss": -1.3280137740075588,
  "real_score": -1.659365389496088,
  "gen_score": -2.9873791337013245
}