{
  "d_loss": -0.9986598696559668,
  "g_loss": 2.724132999777794,
  "d_gp": 0.029139632533770055,
  "d_wass_loss": -1.2900562547147274,
  "real_score": -1.4340766109526157,
  "gen_score": -2.724132999777794
}