{
  "d_loss": -1.091392531991005,
  "g_loss": 2.863502226769924,
  "d_gp": 0.021515194268431515,
  "d_wass_loss": -1.3065445944666862,
  "real_score": -1.5569579936563969,
  "gen_score": -2.863502226769924
}