{
  "d_loss": -0.5107322437688708,
  "g_loss": 2.575571857392788,
  "d_gp": 0.06630858161952347,
  "d_wass_loss": -1.173818089067936,
  "real_score": -1.4017539098858833,
  "gen_score": -2.575571857392788
}