{
  "d_loss": -1.2198905237019062,
  "g_loss": 3.2363512963056564,
  "d_gp": 0.015323153755161911,
  "d_wass_loss": -1.3731219880282879,
  "real_score": -1.863229364156723,
  "gen_score": -3.2363512963056564
}