{
  "d_loss": -0.5607547629624605,
  "g_loss": 2.826669931411743,
  "d_gp": 0.04677586047910154,
  "d_wass_loss": -1.0285133682191372,
  "real_score": -1.7981566414237022,
  "gen_score": -2.826669931411743
}