{
  "d_loss": 0.38543245662003756,
  "g_loss": 2.2602306604385376,
  "d_gp": 0.04458785417955369,
  "d_wass_loss": -0.060446077841334045,
  "real_score": -2.199784778058529,
  "gen_score": -2.2602306604385376
}