{
  "d_loss": -1.0610540360212326,
  "g_loss": 2.7972849383950233,
  "d_gp": 0.02577939524780959,
  "d_wass_loss": -1.3188479952514172,
  "real_score": -1.4784370511770248,
  "gen_score": -2.7972849383950233
}