{
  "d_loss": -0.9601471927016973,
  "g_loss": 2.719353139400482,
  "d_gp": 0.03202489472460002,
  "d_wass_loss": -1.2803960740566254,
  "real_score": -1.4389568865299225,
  "gen_score": -2.719353139400482
}