{
  "d_loss": -1.0034251362085342,
  "g_loss": 2.633122466504574,
  "d_gp": 0.027146581560373306,
  "d_wass_loss": -1.2748908996582031,
  "real_score": -1.35823155939579,
  "gen_score": -2.633122466504574
}