{
  "d_loss": -0.645443694666028,
  "g_loss": 2.4528358057141304,
  "d_gp": 0.057744379388168454,
  "d_wass_loss": -1.2228874266147614,
  "real_score": -1.229948453605175,
  "gen_score": -2.4528358057141304
}