{
  "d_loss": -0.7826833128929138,
  "g_loss": 2.505715601146221,
  "d_gp": 0.04510886373464018,
  "d_wass_loss": -1.2337719611823559,
  "real_score": -1.2719437628984451,
  "gen_score": -2.505715601146221
}