{
  "d_loss": -0.9334212131798267,
  "g_loss": 2.618196114897728,
  "d_gp": 0.03357406100258231,
  "d_wass_loss": -1.269161831587553,
  "real_score": -1.3490343913435936,
  "gen_score": -2.618196114897728
}