{
  "d_loss": -1.1529954448342323,
  "g_loss": 3.380612775683403,
  "d_gp": 0.019240678171627223,
  "d_wass_loss": -1.3454022593796253,
  "real_score": -2.0352103747427464,
  "gen_score": -3.380612775683403
}