{
  "d_loss": -0.8459643237292767,
  "g_loss": 2.6202406734228134,
  "d_gp": 0.044069386087358,
  "d_wass_loss": -1.286658264696598,
  "real_score": -1.3335825949907303,
  "gen_score": -2.6202406734228134
}