{
  "d_loss": -1.1669170074164867,
  "g_loss": 3.1773162335157394,
  "d_gp": 0.019111594010610133,
  "d_wass_loss": -1.3580327928066254,
  "real_score": -1.8192835375666618,
  "gen_score": -3.1773162335157394
}