{
  "d_loss": -1.075191117823124,
  "g_loss": 2.752611741423607,
  "d_gp": 0.02434776845620945,
  "d_wass_loss": -1.3186687342822552,
  "real_score": -1.4339430294930935,
  "gen_score": -2.752611741423607
}