{
  "d_loss": -0.5609697476029396,
  "g_loss": 2.8080776631832123,
  "d_gp": 0.05828668281901628,
  "d_wass_loss": -1.143836583942175,
  "real_score": -1.6642410941421986,
  "gen_score": -2.8080776631832123
}