{
  "d_loss": -1.0932057797908783,
  "g_loss": 2.8416306152939796,
  "d_gp": 0.024247407040093094,
  "d_wass_loss": -1.335679855197668,
  "real_score": -1.5059509240090847,
  "gen_score": -2.8416306152939796
}