{
  "d_loss": -1.0177923440933228,
  "g_loss": 2.6268246173858643,
  "d_gp": 0.026178749976679683,
  "d_wass_loss": -1.2795796543359756,
  "real_score": -1.3472447507083416,
  "gen_score": -2.6268246173858643
}