{
  "d_loss": -1.0336812883615494,
  "g_loss": 2.614100180566311,
  "d_gp": 0.023533217085059732,
  "d_wass_loss": -1.269013401120901,
  "real_score": -1.3450865298509598,
  "gen_score": -2.614100180566311
}