{
  "d_loss": -1.1573189571499825,
  "g_loss": 2.965168111026287,
  "d_gp": 0.01681581445154734,
  "d_wass_loss": -1.3254769779741764,
  "real_score": -1.639691036194563,
  "gen_score": -2.965168111026287
}