{
  "d_loss": -1.1570573933422565,
  "g_loss": 3.130409151315689,
  "d_gp": 0.016079156717751175,
  "d_wass_loss": -1.3178489245474339,
  "real_score": -1.8125601671636105,
  "gen_score": -3.130409151315689
}