{
  "d_loss": 2.5503550469875336,
  "g_loss": 0.9634290933609009,
  "d_gp": 0.23873120173811913,
  "d_wass_loss": 0.16304315999150276,
  "real_score": -1.126472134143114,
  "gen_score": -0.9634290933609009
}