{
  "d_loss": -0.43064973689615726,
  "g_loss": 2.5646709874272346,
  "d_gp": 0.07176814891863614,
  "d_wass_loss": -1.1483312472701073,
  "real_score": -1.4163396321237087,
  "gen_score": -2.5646709874272346
}