{
  "d_loss": -0.7057699542492628,
  "g_loss": 2.4660239592194557,
  "d_gp": 0.05187637673225254,
  "d_wass_loss": -1.2245337516069412,
  "real_score": -1.241490226238966,
  "gen_score": -2.4660239592194557
}