{
  "d_loss": -0.534342447295785,
  "g_loss": 2.6045766100287437,
  "d_gp": 0.06221664324402809,
  "d_wass_loss": -1.156508956104517,
  "real_score": -1.4480678215622902,
  "gen_score": -2.6045766100287437
}