{
  "d_loss": -0.7300420515239239,
  "g_loss": 2.498858280479908,
  "d_gp": 0.051164394593797624,
  "d_wass_loss": -1.2416860722005367,
  "real_score": -1.2571722269058228,
  "gen_score": -2.498858280479908
}