{
  "d_loss": -1.0666243080049753,
  "g_loss": 2.9602184891700745,
  "d_gp": 0.02607783454004675,
  "d_wass_loss": -1.3274026960134506,
  "real_score": -1.6328161247074604,
  "gen_score": -2.9602184891700745
}