{
  "d_loss": -0.5656548719853163,
  "g_loss": 2.8671884015202522,
  "d_gp": 0.05628115253057331,
  "d_wass_loss": -1.1284662820398808,
  "real_score": -1.7387221455574036,
  "gen_score": -2.8671884015202522
}