{
  "d_loss": -0.8690219558775425,
  "g_loss": 2.579458959400654,
  "d_gp": 0.0385476584197022,
  "d_wass_loss": -1.2544984593987465,
  "real_score": -1.3249604664742947,
  "gen_score": -2.579458959400654
}