{
  "d_loss": -1.22692346945405,
  "g_loss": 3.455264151096344,
  "d_gp": 0.01556962713948451,
  "d_wass_loss": -1.3826196789741516,
  "real_score": -2.072644494473934,
  "gen_score": -3.455264151096344
}