{
  "d_loss": -1.1285341680049896,
  "g_loss": 3.3426448479294777,
  "d_gp": 0.021715127862989902,
  "d_wass_loss": -1.3456854410469532,
  "real_score": -1.9969594925642014,
  "gen_score": -3.3426448479294777
}