{
  "d_loss": -1.093533992767334,
  "g_loss": 2.9879757538437843,
  "d_gp": 0.024701061367522925,
  "d_wass_loss": -1.3405446112155914,
  "real_score": -1.6474310532212257,
  "gen_score": -2.9879757538437843
}