{
  "d_loss": -1.0624155476689339,
  "g_loss": 2.7732995375990868,
  "d_gp": 0.024642325995955616,
  "d_wass_loss": -1.3088388033211231,
  "real_score": -1.4644608162343502,
  "gen_score": -2.7732995375990868
}