{
  "d_loss": -1.2156930714845657,
  "g_loss": 3.4137807339429855,
  "d_gp": 0.016719606530386955,
  "d_wass_loss": -1.3828891217708588,
  "real_score": -2.030891440808773,
  "gen_score": -3.4137807339429855
}