{
  "d_loss": -0.9652344230562449,
  "g_loss": 2.642485447227955,
  "d_gp": 0.03303820826113224,
  "d_wass_loss": -1.2956165224313736,
  "real_score": -1.3468691110610962,
  "gen_score": -2.642485447227955
}