{
  "d_loss": -1.0375637263059616,
  "g_loss": 2.834230452775955,
  "d_gp": 0.027620800770819187,
  "d_wass_loss": -1.3137717619538307,
  "real_score": -1.5204589255154133,
  "gen_score": -2.834230452775955
}