{
  "d_loss": -0.9759765602648258,
  "g_loss": 2.625684939324856,
  "d_gp": 0.030517785693518817,
  "d_wass_loss": -1.2811542749404907,
  "real_score": -1.3445305339992046,
  "gen_score": -2.625684939324856
}