{
  "d_loss": -0.5730207394808531,
  "g_loss": 2.8460868895053864,
  "d_gp": 0.05177891696803272,
  "d_wass_loss": -1.0908099636435509,
  "real_score": -1.7552769631147385,
  "gen_score": -2.8460868895053864
}