{
  "d_loss": -0.7825543414801359,
  "g_loss": 2.5351999923586845,
  "d_gp": 0.046762177022174,
  "d_wass_loss": -1.2501759864389896,
  "real_score": -1.285024005919695,
  "gen_score": -2.5351999923586845
}