{
  "d_loss": -0.6161671224981546,
  "g_loss": 2.6733462810516357,
  "d_gp": 0.06399200134910643,
  "d_wass_loss": -1.2560871317982674,
  "real_score": -1.4172589741647243,
  "gen_score": -2.6733462810516357
}