{
  "d_loss": -0.5506870457902551,
  "g_loss": 2.831626772880554,
  "d_gp": 0.038028523907996714,
  "d_wass_loss": -0.9309722669422626,
  "real_score": -1.9006545096635818,
  "gen_score": -2.831626772880554
}