{
  "d_loss": -1.0313308592885733,
  "g_loss": 2.772463783621788,
  "d_gp": 0.026901994657237083,
  "d_wass_loss": -1.300350844860077,
  "real_score": -1.4721129536628723,
  "gen_score": -2.772463783621788
}