{
  "d_loss": -0.6358293648809195,
  "g_loss": 2.864746056497097,
  "d_gp": 0.05002808745484799,
  "d_wass_loss": -1.1361101306974888,
  "real_score": -1.7286359146237373,
  "gen_score": -2.864746056497097
}