{
  "d_loss": -0.06840590457431972,
  "g_loss": 2.544793888926506,
  "d_gp": 0.031258188566425815,
  "d_wass_loss": -0.38098779413849115,
  "real_score": -2.163806103169918,
  "gen_score": -2.544793888926506
}