{
  "d_loss": -0.5856005186215043,
  "g_loss": 2.641509771347046,
  "d_gp": 0.06300556904170662,
  "d_wass_loss": -1.2156561948359013,
  "real_score": -1.4258536361157894,
  "gen_score": -2.641509771347046
}