{
  "d_loss": -1.076714213937521,
  "g_loss": 2.63147696852684,
  "d_gp": 0.020983073685783893,
  "d_wass_loss": -1.2865449711680412,
  "real_score": -1.3449318744242191,
  "gen_score": -2.63147696852684
}