{
  "d_loss": -1.2210695296525955,
  "g_loss": 3.192011035978794,
  "d_gp": 0.014247262413846329,
  "d_wass_loss": -1.3635422363877296,
  "real_score": -1.8284690119326115,
  "gen_score": -3.192011035978794
}