{
  "d_loss": -1.0347113814204931,
  "g_loss": 2.676233194768429,
  "d_gp": 0.028437983652111143,
  "d_wass_loss": -1.319091308861971,
  "real_score": -1.3571419082581997,
  "gen_score": -2.676233194768429
}