{
  "d_loss": -0.47532726265490055,
  "g_loss": 2.751460574567318,
  "d_gp": 0.037394327751826495,
  "d_wass_loss": -0.8492705393582582,
  "real_score": -1.902190063148737,
  "gen_score": -2.751460574567318
}