{
  "d_loss": -1.0795430839061737,
  "g_loss": 3.1744838282465935,
  "d_gp": 0.021415898110717535,
  "d_wass_loss": -1.2937021628022194,
  "real_score": -1.8807817175984383,
  "gen_score": -3.1744838282465935
}