{
  "d_loss": -0.7029237169772387,
  "g_loss": 2.5896745771169662,
  "d_gp": 0.05002121673896909,
  "d_wass_loss": -1.2031358033418655,
  "real_score": -1.38653863966465,
  "gen_score": -2.5896745771169662
}