{
  "d_loss": 0.845623591914773,
  "g_loss": 1.7456028424203396,
  "d_gp": 0.07503875729162246,
  "d_wass_loss": 0.09523604763671756,
  "real_score": -1.8408390171825886,
  "gen_score": -1.7456028424203396
}