{
  "d_loss": -1.1051902323961258,
  "g_loss": 3.027968518435955,
  "d_gp": 0.02206091390689835,
  "d_wass_loss": -1.3257994651794434,
  "real_score": -1.7021690607070923,
  "gen_score": -3.027968518435955
}