{
  "d_loss": 0.12056888244114816,
  "g_loss": 2.460098072886467,
  "d_gp": 0.03459095847210847,
  "d_wass_loss": -0.22534069558605552,
  "real_score": -2.2347573041915894,
  "gen_score": -2.460098072886467
}