{
  "d_loss": -1.0399108584970236,
  "g_loss": 2.67257272452116,
  "d_gp": 0.0263842674321495,
  "d_wass_loss": -1.3037535659968853,
  "real_score": -1.3688191138207912,
  "gen_score": -2.67257272452116
}