{
  "d_loss": -0.5485579865053296,
  "g_loss": 2.7481526285409927,
  "d_gp": 0.06087098317220807,
  "d_wass_loss": -1.157267715781927,
  "real_score": -1.5908847637474537,
  "gen_score": -2.7481526285409927
}