{
  "d_loss": -1.081019178032875,
  "g_loss": 2.8329581171274185,
  "d_gp": 0.022353950946126133,
  "d_wass_loss": -1.304558590054512,
  "real_score": -1.528399657458067,
  "gen_score": -2.8329581171274185
}