{
  "d_loss": -1.1167117394506931,
  "g_loss": 3.0258539021015167,
  "d_gp": 0.020271716464776546,
  "d_wass_loss": -1.3194288611412048,
  "real_score": -1.7064249850809574,
  "gen_score": -3.0258539021015167
}