{
  "d_loss": -1.0821702554821968,
  "g_loss": 2.848239503800869,
  "d_gp": 0.02451114120776765,
  "d_wass_loss": -1.3272816985845566,
  "real_score": -1.5209578275680542,
  "gen_score": -2.848239503800869
}