{
  "d_loss": -0.9402026124298573,
  "g_loss": 2.5832361057400703,
  "d_gp": 0.030958171701058745,
  "d_wass_loss": -1.249784354120493,
  "real_score": -1.333451822400093,
  "gen_score": -2.5832361057400703
}