{
  "d_loss": -1.0452290922403336,
  "g_loss": 2.606764666736126,
  "d_gp": 0.021396533935330808,
  "d_wass_loss": -1.2591943740844727,
  "real_score": -1.3475703336298466,
  "gen_score": -2.606764666736126
}