{
  "d_loss": -0.5903060808777809,
  "g_loss": 2.643603540956974,
  "d_gp": 0.05818598123732954,
  "d_wass_loss": -1.172165896743536,
  "real_score": -1.4714377373456955,
  "gen_score": -2.643603540956974
}