{
  "d_loss": -1.1109484173357487,
  "g_loss": 2.8494915887713432,
  "d_gp": 0.022719619795680046,
  "d_wass_loss": -1.338144551962614,
  "real_score": -1.5113470032811165,
  "gen_score": -2.8494915887713432
}