{
  "d_loss": -0.4586149547249079,
  "g_loss": 2.8492517918348312,
  "d_gp": 0.052773488336242735,
  "d_wass_loss": -0.9863498602062464,
  "real_score": -1.86290193349123,
  "gen_score": -2.8492517918348312
}