{
  "d_loss": -1.1079183109104633,
  "g_loss": 3.1592539995908737,
  "d_gp": 0.02279841437120922,
  "d_wass_loss": -1.3359024077653885,
  "real_score": -1.8233517669141293,
  "gen_score": -3.1592539995908737
}