{
  "d_loss": -1.1514309085905552,
  "g_loss": 3.232731655240059,
  "d_gp": 0.018124062713468447,
  "d_wass_loss": -1.3326715491712093,
  "real_score": -1.900060210376978,
  "gen_score": -3.232731655240059
}