{
  "d_loss": -1.1897710897028446,
  "g_loss": 3.0278929471969604,
  "d_gp": 0.018210223759524524,
  "d_wass_loss": -1.37187335267663,
  "real_score": -1.6560197211802006,
  "gen_score": -3.0278929471969604
}