{
  "d_loss": -0.3095946442335844,
  "g_loss": 2.558693692088127,
  "d_gp": 0.03441444889176637,
  "d_wass_loss": -0.653739096596837,
  "real_score": -1.9049546383321285,
  "gen_score": -2.558693692088127
}