{
  "d_loss": -1.1694444753229618,
  "g_loss": 3.1165365800261497,
  "d_gp": 0.01837981300195679,
  "d_wass_loss": -1.353242687880993,
  "real_score": -1.763293907046318,
  "gen_score": -3.1165365800261497
}