{
  "d_loss": -0.985305504873395,
  "g_loss": 2.597482830286026,
  "d_gp": 0.02761569758877158,
  "d_wass_loss": -1.2614624947309494,
  "real_score": -1.336020328104496,
  "gen_score": -2.597482830286026
}