{
  "d_loss": -1.1599246598780155,
  "g_loss": 3.3185617551207542,
  "d_gp": 0.01853735712938942,
  "d_wass_loss": -1.345298197120428,
  "real_score": -1.9732637256383896,
  "gen_score": -3.3185617551207542
}