{
  "d_loss": -1.0591906867921352,
  "g_loss": 2.789583593606949,
  "d_gp": 0.024841753649525344,
  "d_wass_loss": -1.3076082020998,
  "real_score": -1.481975432485342,
  "gen_score": -2.789583593606949
}