{
  "d_loss": -1.0809319950640202,
  "g_loss": 3.0931935384869576,
  "d_gp": 0.023251524253282696,
  "d_wass_loss": -1.3134472407400608,
  "real_score": -1.7797463461756706,
  "gen_score": -3.0931935384869576
}