{
  "d_loss": -1.1453792117536068,
  "g_loss": 3.117748372256756,
  "d_gp": 0.019130660220980644,
  "d_wass_loss": -1.3366858139634132,
  "real_score": -1.7810626775026321,
  "gen_score": -3.117748372256756
}