{
  "d_loss": -1.1093378141522408,
  "g_loss": 3.2923563197255135,
  "d_gp": 0.022471524338470772,
  "d_wass_loss": -1.3340531177818775,
  "real_score": -1.9583031758666039,
  "gen_score": -3.2923563197255135
}