{
  "d_loss": -0.5069311391562223,
  "g_loss": 2.6631357297301292,
  "d_gp": 0.07290646433830261,
  "d_wass_loss": -1.23599573969841,
  "real_score": -1.4271398670971394,
  "gen_score": -2.6631357297301292
}