{
  "d_loss": -0.44385792408138514,
  "g_loss": 2.8486223444342613,
  "d_gp": 0.06202962284442037,
  "d_wass_loss": -1.0641541481018066,
  "real_score": -1.7844682037830353,
  "gen_score": -2.8486223444342613
}