{
  "d_loss": -1.109981182962656,
  "g_loss": 2.8513412177562714,
  "d_gp": 0.021542355010751635,
  "d_wass_loss": -1.325404740869999,
  "real_score": -1.5259365141391754,
  "gen_score": -2.8513412177562714
}