{
  "d_loss": -1.0661915354430676,
  "g_loss": 2.666135750710964,
  "d_gp": 0.02155387052334845,
  "d_wass_loss": -1.2817303538322449,
  "real_score": -1.384405229240656,
  "gen_score": -2.666135750710964
}