{
  "d_loss": -1.1025212369859219,
  "g_loss": 2.8631657138466835,
  "d_gp": 0.023799306072760373,
  "d_wass_loss": -1.3405143097043037,
  "real_score": -1.5226511545479298,
  "gen_score": -2.8631657138466835
}