{
  "d_loss": -1.166739147156477,
  "g_loss": 3.018361024558544,
  "d_gp": 0.016360766254365444,
  "d_wass_loss": -1.330346718430519,
  "real_score": -1.6880140379071236,
  "gen_score": -3.018361024558544
}