{
  "d_loss": -1.157318539917469,
  "g_loss": 3.333240546286106,
  "d_gp": 0.019522834045346826,
  "d_wass_loss": -1.35254679992795,
  "real_score": -1.9806935973465443,
  "gen_score": -3.333240546286106
}