{
  "d_loss": -1.2028421498835087,
  "g_loss": 3.372689865529537,
  "d_gp": 0.015092491987161338,
  "d_wass_loss": -1.3537670783698559,
  "real_score": -2.01892252266407,
  "gen_score": -3.372689865529537
}