{
  "d_loss": -0.44390685949474573,
  "g_loss": 2.62793081253767,
  "d_gp": 0.031765944440849125,
  "d_wass_loss": -0.7615662831813097,
  "real_score": -1.8663645014166832,
  "gen_score": -2.62793081253767
}