{
  "d_loss": -1.0232913997024298,
  "g_loss": 2.7385488152503967,
  "d_gp": 0.02725599834229797,
  "d_wass_loss": -1.295851394534111,
  "real_score": -1.4426975287497044,
  "gen_score": -2.7385488152503967
}