{
  "d_loss": -0.6145788514986634,
  "g_loss": 2.5371211245656013,
  "d_gp": 0.05942822445649654,
  "d_wass_loss": -1.208861205726862,
  "real_score": -1.3282600454986095,
  "gen_score": -2.5371211245656013
}