{
  "d_loss": -1.1556603088974953,
  "g_loss": 3.148481287062168,
  "d_gp": 0.019862577377352864,
  "d_wass_loss": -1.3542860262095928,
  "real_score": -1.7941953800618649,
  "gen_score": -3.148481287062168
}