{
  "d_loss": -1.201794970780611,
  "g_loss": 3.3986866623163223,
  "d_gp": 0.014582360628992319,
  "d_wass_loss": -1.3476185873150826,
  "real_score": -2.051068425178528,
  "gen_score": -3.3986866623163223
}