{
  "d_loss": -1.0138110257685184,
  "g_loss": 2.6745904684066772,
  "d_gp": 0.028682602220214903,
  "d_wass_loss": -1.3006369732320309,
  "real_score": -1.3739532679319382,
  "gen_score": -2.6745904684066772
}