{
  "d_loss": -1.1275306604802608,
  "g_loss": 2.8282204940915108,
  "d_gp": 0.018540290475357324,
  "d_wass_loss": -1.3129336312413216,
  "real_score": -1.5152868069708347,
  "gen_score": -2.8282204940915108
}