{
  "d_loss": 1.8551372103393078,
  "g_loss": 1.2480216473340988,
  "d_gp": 0.16809035744518042,
  "d_wass_loss": 0.17423360981047153,
  "real_score": -1.4222552962601185,
  "gen_score": -1.2480216473340988
}