{
  "d_loss": -1.1424906812608242,
  "g_loss": 3.0233917832374573,
  "d_gp": 0.018710372096393257,
  "d_wass_loss": -1.3295944780111313,
  "real_score": -1.6937971785664558,
  "gen_score": -3.0233917832374573
}