{
  "d_loss": -0.6893646400421858,
  "g_loss": 2.498838819563389,
  "d_gp": 0.05284716049209237,
  "d_wass_loss": -1.2178363539278507,
  "real_score": -1.2810024991631508,
  "gen_score": -2.498838819563389
}