{
  "d_loss": 0.5793916005641222,
  "g_loss": -1.6006674952805042,
  "d_gp": 0.03579630143940449,
  "d_wass_loss": 0.22142862901091576,
  "real_score": 1.3792389035224915,
  "gen_score": 1.6006674952805042
}