{
  "d_loss": 0.3941696439869702,
  "g_loss": -1.3226630799472332,
  "d_gp": 0.04981158871669322,
  "d_wass_loss": -0.10394628928042948,
  "real_score": 1.4266093336045742,
  "gen_score": 1.3226630799472332
}