{
  "d_loss": 0.46443603991065174,
  "g_loss": -1.3826240375638008,
  "d_gp": 0.05157762736780569,
  "d_wass_loss": -0.05134028186876094,
  "real_score": 1.4339644722640514,
  "gen_score": 1.3826240375638008
}