{
  "d_loss": 5.295166581869125,
  "g_loss": -0.19076547352597117,
  "d_gp": 0.5143201323226094,
  "d_wass_loss": 0.15196533733978868,
  "real_score": 0.038800128968432546,
  "gen_score": 0.19076547352597117
}