{
  "d_loss": 0.2819833119865507,
  "g_loss": -1.4508249908685684,
  "d_gp": 0.03255548101151362,
  "d_wass_loss": -0.04357143340166658,
  "real_score": 1.4943963438272476,
  "gen_score": 1.4508249908685684
}