{
  "d_loss": 0.5842996332794428,
  "g_loss": -1.6061277352273464,
  "d_gp": 0.03581931896042079,
  "d_wass_loss": 0.2261064499616623,
  "real_score": 1.380021307617426,
  "gen_score": 1.6061277352273464
}