{
  "d_loss": 0.6268439907580614,
  "g_loss": -1.4095539301633835,
  "d_gp": 0.06795520067680627,
  "d_wass_loss": -0.05270797002594918,
  "real_score": 1.4622619152069092,
  "gen_score": 1.4095539301633835
}