{
  "d_loss": 0.29795559821650386,
  "g_loss": -1.4888951554894447,
  "d_gp": 0.02959391806507483,
  "d_wass_loss": 0.0020164219677099027,
  "real_score": 1.4868787825107574,
  "gen_score": 1.4888951554894447
}