{
  "d_loss": 0.28218912601005286,
  "g_loss": -1.3677795119583607,
  "d_gp": 0.03461592728854157,
  "d_wass_loss": -0.06397011422086507,
  "real_score": 1.4317495189607143,
  "gen_score": 1.3677795119583607
}