{
  "d_loss": 2.839437775313854,
  "g_loss": -0.966317119076848,
  "d_gp": 0.2563184658065438,
  "d_wass_loss": 0.27625319827347994,
  "real_score": 0.6900639683008194,
  "gen_score": 0.966317119076848
}