{
  "d_loss": 0.1925474964082241,
  "g_loss": -1.5044141337275505,
  "d_gp": 0.01773238947498612,
  "d_wass_loss": 0.015223600494209677,
  "real_score": 1.489190500229597,
  "gen_score": 1.5044141337275505
}