{
  "d_loss": 0.39312716387212276,
  "g_loss": -1.5502792745828629,
  "d_gp": 0.03424172062659636,
  "d_wass_loss": 0.05070991924731061,
  "real_score": 1.4995694607496262,
  "gen_score": 1.5502792745828629
}