{
  "d_loss": 0.5423688078299165,
  "g_loss": -1.3691353015601635,
  "d_gp": 0.06033259886316955,
  "d_wass_loss": -0.06095716095296666,
  "real_score": 1.4300925135612488,
  "gen_score": 1.3691353015601635
}