{
  "d_loss": 0.8895093034952879,
  "g_loss": -1.5876779332756996,
  "d_gp": 0.04875426087528467,
  "d_wass_loss": 0.40196665562689304,
  "real_score": 1.1857113130390644,
  "gen_score": 1.5876779332756996
}