{
  "d_loss": 0.5900237374007702,
  "g_loss": -1.627781517803669,
  "d_gp": 0.03503552376059815,
  "d_wass_loss": 0.23966852156445384,
  "real_score": 1.3881130330264568,
  "gen_score": 1.627781517803669
}