{
  "d_loss": 0.5887000653892756,
  "g_loss": -1.64488872513175,
  "d_gp": 0.03865735052386299,
  "d_wass_loss": 0.20212659193202853,
  "real_score": 1.4427620060741901,
  "gen_score": 1.64488872513175
}