{
  "d_loss": 0.2917442745529115,
  "g_loss": -1.4611123688519,
  "d_gp": 0.03133488242747262,
  "d_wass_loss": -0.021604523604764836,
  "real_score": 1.4827169328927994,
  "gen_score": 1.4611123688519
}