{
  "d_loss": 0.39592608250677586,
  "g_loss": -1.5385486036539078,
  "d_gp": 0.035564753925427794,
  "d_wass_loss": 0.040278537839185447,
  "real_score": 1.4982701800763607,
  "gen_score": 1.5385486036539078
}