{
  "d_loss": 0.4039418017491698,
  "g_loss": -1.5317824184894562,
  "d_gp": 0.03478885962977074,
  "d_wass_loss": 0.056053151201922446,
  "real_score": 1.4757292084395885,
  "gen_score": 1.5317824184894562
}