{
  "d_loss": 1.3066499084234238,
  "g_loss": -1.5467964857816696,
  "d_gp": 0.08578868675976992,
  "d_wass_loss": 0.4487630557268858,
  "real_score": 1.0980333276093006,
  "gen_score": 1.5467964857816696
}