{
  "d_loss": 4.440905466675758,
  "g_loss": -0.09101723914500326,
  "d_gp": 0.4187750620767474,
  "d_wass_loss": 0.25315534975379705,
  "real_score": -0.16213810676708817,
  "gen_score": 0.09101723914500326
}