{
  "d_loss": 5.741210550069809,
  "g_loss": -0.24635417852550745,
  "d_gp": 0.5626537222415209,
  "d_wass_loss": 0.11467264569364488,
  "real_score": 0.13168151443824172,
  "gen_score": 0.24635417852550745
}