{
  "d_loss": 5.072461470961571,
  "g_loss": -0.47137062065303326,
  "d_gp": 0.4925945829600096,
  "d_wass_loss": 0.14651546580716968,
  "real_score": 0.32485518977046013,
  "gen_score": 0.47137062065303326
}