{
  "d_loss": 0.49642762169241905,
  "g_loss": -1.5479923486709595,
  "d_gp": 0.03786626044893637,
  "d_wass_loss": 0.11776500009000301,
  "real_score": 1.430227316915989,
  "gen_score": 1.5479923486709595
}