{
  "d_loss": 0.3239611303433776,
  "g_loss": -1.297928061336279,
  "d_gp": 0.04621075402246788,
  "d_wass_loss": -0.13814643467776477,
  "real_score": 1.4360744692385197,
  "gen_score": 1.297928061336279
}