{
  "d_loss": 1.5625654570758343,
  "g_loss": -1.4391357526183128,
  "d_gp": 0.11095450585708022,
  "d_wass_loss": 0.453020503744483,
  "real_score": 0.9861152339726686,
  "gen_score": 1.4391357526183128
}