{
  "d_loss": 5.541846662759781,
  "g_loss": -0.3368013510480523,
  "d_gp": 0.5401795916259289,
  "d_wass_loss": 0.14005066943354905,
  "real_score": 0.19675069069489837,
  "gen_score": 0.3368013510480523
}