{
  "d_loss": 0.5009638890624046,
  "g_loss": -1.5253516361117363,
  "d_gp": 0.04354538698680699,
  "d_wass_loss": 0.06551006226800382,
  "real_score": 1.4598416611552238,
  "gen_score": 1.5253516361117363
}