{
  "d_loss": 0.6391159817576408,
  "g_loss": -1.6637491062283516,
  "d_gp": 0.033887698140461,
  "d_wass_loss": 0.30023903399705887,
  "real_score": 1.3635099492967129,
  "gen_score": 1.6637491062283516
}