{
  "d_loss": 2.003094892948866,
  "g_loss": -1.2247004844248295,
  "d_gp": 0.16393418330699205,
  "d_wass_loss": 0.36375305242836475,
  "real_score": 0.8609473872929811,
  "gen_score": 1.2247004844248295
}