{
  "d_loss": 0.8580239247530699,
  "g_loss": -1.6649002432823181,
  "d_gp": 0.04350672970758751,
  "d_wass_loss": 0.4229566026479006,
  "real_score": 1.2419437319040298,
  "gen_score": 1.6649002432823181
}