{
  "d_loss": 0.41261858493089676,
  "g_loss": -1.5590607188642025,
  "d_gp": 0.03482072951737791,
  "d_wass_loss": 0.06441126170102507,
  "real_score": 1.4946492724120617,
  "gen_score": 1.5590607188642025
}