{
  "d_loss": 0.2924266653135419,
  "g_loss": -1.5176702737808228,
  "d_gp": 0.026962534699123353,
  "d_wass_loss": 0.022801344668550882,
  "real_score": 1.4948688670992851,
  "gen_score": 1.5176702737808228
}