{
  "d_loss": 0.29050177382305264,
  "g_loss": -1.4333230555057526,
  "d_gp": 0.0312194429570809,
  "d_wass_loss": -0.02169265152178923,
  "real_score": 1.4550158381462097,
  "gen_score": 1.4333230555057526
}