{
  "d_loss": 2.4898244068026543,
  "g_loss": -1.004815986379981,
  "d_gp": 0.22333883214741945,
  "d_wass_loss": 0.2564360946416855,
  "real_score": 0.7483800277113914,
  "gen_score": 1.004815986379981
}