{
  "d_loss": 0.4569215918891132,
  "g_loss": -1.3742127157747746,
  "d_gp": 0.05205458798445761,
  "d_wass_loss": -0.06362419971264899,
  "real_score": 1.4378369934856892,
  "gen_score": 1.3742127157747746
}