{
  "d_loss": 0.4019280830398202,
  "g_loss": -1.565630380064249,
  "d_gp": 0.028862559818662703,
  "d_wass_loss": 0.11330249812453985,
  "real_score": 1.452327847480774,
  "gen_score": 1.565630380064249
}