{
  "d_loss": 0.2236429899930954,
  "g_loss": -1.4826205298304558,
  "d_gp": 0.021939250989817083,
  "d_wass_loss": 0.004250487050285301,
  "real_score": 1.4783700592815876,
  "gen_score": 1.4826205298304558
}