{
  "d_loss": 0.41936606215313077,
  "g_loss": -1.508069645613432,
  "d_gp": 0.036115451133809984,
  "d_wass_loss": 0.058211532421410084,
  "real_score": 1.449858158826828,
  "gen_score": 1.508069645613432
}