{
  "d_loss": 3.682033732533455,
  "g_loss": 0.03545697149820626,
  "d_gp": 0.3298458056524396,
  "d_wass_loss": 0.3835757402703166,
  "real_score": -0.419032733887434,
  "gen_score": -0.03545697149820626
}