{
  "d_loss": 5.710940629243851,
  "g_loss": 0.13686131546273828,
  "d_gp": 0.5470544006675482,
  "d_wass_loss": 0.24039665143936872,
  "real_score": -0.37725796177983284,
  "gen_score": -0.13686131546273828
}