{
  "d_loss": 0.597200128249824,
  "g_loss": -1.6507995016872883,
  "d_gp": 0.03404602030059323,
  "d_wass_loss": 0.25673991348594427,
  "real_score": 1.394059430807829,
  "gen_score": 1.6507995016872883
}