{
  "d_loss": 5.238446846604347,
  "g_loss": -0.42830657958984375,
  "d_gp": 0.5098191546276212,
  "d_wass_loss": 0.14025524258613586,
  "real_score": 0.2880513109266758,
  "gen_score": 0.42830657958984375
}