{
  "d_loss": 4.141848370432854,
  "g_loss": -0.7021542973816395,
  "d_gp": 0.39190467167645693,
  "d_wass_loss": 0.22280155727639794,
  "real_score": 0.47935277596116066,
  "gen_score": 0.7021542973816395
}