{
  "d_loss": 0.6106479719746858,
  "g_loss": -1.4192473478615284,
  "d_gp": 0.06370852558757178,
  "d_wass_loss": -0.026437313041242305,
  "real_score": 1.4456847310066223,
  "gen_score": 1.4192473478615284
}