{
  "d_loss": 0.9970171358436346,
  "g_loss": -1.64377411454916,
  "d_gp": 0.05779037484899163,
  "d_wass_loss": 0.41911335196346045,
  "real_score": 1.2246608398854733,
  "gen_score": 1.64377411454916
}