{
  "d_loss": 3.1039806082844734,
  "g_loss": -0.9261531196534634,
  "d_gp": 0.2810881044715643,
  "d_wass_loss": 0.2930994965136051,
  "real_score": 0.6330536585301161,
  "gen_score": 0.9261531196534634
}