{
  "d_loss": 1.1677956655621529,
  "g_loss": -1.535799104720354,
  "d_gp": 0.07716233097016811,
  "d_wass_loss": 0.3961722981184721,
  "real_score": 1.1396268382668495,
  "gen_score": 1.535799104720354
}