{
  "d_loss": 4.9295191168785095,
  "g_loss": 0.16160819539800286,
  "d_gp": 0.4627826502546668,
  "d_wass_loss": 0.301692315377295,
  "real_score": -0.4633005289360881,
  "gen_score": -0.16160819539800286
}