{
  "d_loss": 5.597048357129097,
  "g_loss": -0.2991765821352601,
  "d_gp": 0.5460994839668274,
  "d_wass_loss": 0.13605351420119405,
  "real_score": 0.16312305349856615,
  "gen_score": 0.2991765821352601
}