{
  "d_loss": 4.811996221542358,
  "g_loss": -0.14220954617485404,
  "d_gp": 0.462784331291914,
  "d_wass_loss": 0.1841526604257524,
  "real_score": -0.0419431168702431,
  "gen_score": 0.14220954617485404
}