{
  "d_loss": 0.2334887501783669,
  "g_loss": -1.33822713047266,
  "d_gp": 0.030425462769926526,
  "d_wass_loss": -0.07076587650226429,
  "real_score": 1.4089929349720478,
  "gen_score": 1.33822713047266
}