{
  "d_loss": 0.7867656666785479,
  "g_loss": -1.6486266441643238,
  "d_gp": 0.04627885902300477,
  "d_wass_loss": 0.3239770829677582,
  "real_score": 1.324649352580309,
  "gen_score": 1.6486266441643238
}