{
  "d_loss": 0.5900292349979281,
  "g_loss": -1.417827695608139,
  "d_gp": 0.06265194184379652,
  "d_wass_loss": -0.03649014102848014,
  "real_score": 1.454317830502987,
  "gen_score": 1.417827695608139
}