{
  "d_loss": 0.565365744754672,
  "g_loss": -1.5458472557365894,
  "d_gp": 0.05127028131391853,
  "d_wass_loss": 0.05266288574784994,
  "real_score": 1.4931843876838684,
  "gen_score": 1.5458472557365894
}