{
  "d_loss": 0.6991969188675284,
  "g_loss": -1.3964326679706573,
  "d_gp": 0.07315047545125708,
  "d_wass_loss": -0.03230784009792842,
  "real_score": 1.428740557283163,
  "gen_score": 1.3964326679706573
}