{
  "d_loss": 5.282030686736107,
  "g_loss": 0.15479652117937803,
  "d_gp": 0.5018476555123925,
  "d_wass_loss": 0.26355401845648885,
  "real_score": -0.41835054475814104,
  "gen_score": -0.15479652117937803
}