{
  "d_loss": 0.8841002695262432,
  "g_loss": -1.6746932044625282,
  "d_gp": 0.0501188290072605,
  "d_wass_loss": 0.38291197922080755,
  "real_score": 1.2917812876403332,
  "gen_score": 1.6746932044625282
}