{
  "d_loss": 0.3676358941011131,
  "g_loss": -1.5385099537670612,
  "d_gp": 0.026611411827616394,
  "d_wass_loss": 0.10152177000418305,
  "real_score": 1.436988152563572,
  "gen_score": 1.5385099537670612
}