{
  "d_loss": 0.8137869369238615,
  "g_loss": -1.7216180562973022,
  "d_gp": 0.04337420497904532,
  "d_wass_loss": 0.3800447527319193,
  "real_score": 1.3415733762085438,
  "gen_score": 1.7216180562973022
}