{
  "d_loss": 3.604743078351021,
  "g_loss": -0.8233963791280985,
  "d_gp": 0.3360282890498638,
  "d_wass_loss": 0.24446033779531717,
  "real_score": 0.5789359826594591,
  "gen_score": 0.8233963791280985
}