{
  "d_loss": 3.5527001097798347,
  "g_loss": 0.13539346633479,
  "d_gp": 0.31283451709896326,
  "d_wass_loss": 0.4243546836078167,
  "real_score": -0.5597481746226549,
  "gen_score": -0.13539346633479
}