{
  "d_loss": 5.045562967658043,
  "g_loss": -0.5225792368873954,
  "d_gp": 0.4883996332064271,
  "d_wass_loss": 0.16156619042158127,
  "real_score": 0.3610130650922656,
  "gen_score": 0.5225792368873954
}