{
  "d_loss": 4.171559855341911,
  "g_loss": 0.13474642811343074,
  "d_gp": 0.374838849529624,
  "d_wass_loss": 0.4231713339686394,
  "real_score": -0.5579177550971508,
  "gen_score": -0.13474642811343074
}