{
  "d_loss": 0.2717957191634923,
  "g_loss": -1.2931640669703484,
  "d_gp": 0.041394550673430786,
  "d_wass_loss": -0.1421498095151037,
  "real_score": 1.435313880443573,
  "gen_score": 1.2931640669703484
}