{
  "d_loss": 6.4376950562000275,
  "g_loss": 0.15806324733421206,
  "d_gp": 0.6314286291599274,
  "d_wass_loss": 0.12340851011686027,
  "real_score": -0.28147176560014486,
  "gen_score": -0.15806324733421206
}