{
  "d_loss": 5.579376995563507,
  "g_loss": -0.22237846162170172,
  "d_gp": 0.5449080634862185,
  "d_wass_loss": 0.13029621308669448,
  "real_score": 0.09208225994370878,
  "gen_score": 0.22237846162170172
}