{
  "d_loss": 0.47787738405168056,
  "g_loss": -1.3036251924932003,
  "d_gp": 0.05675779201555997,
  "d_wass_loss": -0.08970050071366131,
  "real_score": 1.3933258950710297,
  "gen_score": 1.3036251924932003
}