{
  "d_loss": 5.614294111728668,
  "g_loss": -0.36290629021823406,
  "d_gp": 0.5478828623890877,
  "d_wass_loss": 0.1354653686285019,
  "real_score": 0.22744090808555484,
  "gen_score": 0.36290629021823406
}