{
  "d_loss": 6.179478168487549,
  "g_loss": 0.11300027137622237,
  "d_gp": 0.595993073657155,
  "d_wass_loss": 0.21954726101830602,
  "real_score": -0.33254755567759275,
  "gen_score": -0.11300027137622237
}