{
  "d_loss": 4.28543895483017,
  "g_loss": 0.16371765173971653,
  "d_gp": 0.3909383350983262,
  "d_wass_loss": 0.37605547811836004,
  "real_score": -0.5397731494158506,
  "gen_score": -0.16371765173971653
}