{
  "d_loss": 0.9429983347654343,
  "g_loss": -1.6867193579673767,
  "d_gp": 0.05186446581501514,
  "d_wass_loss": 0.4243536461144686,
  "real_score": 1.2623656801879406,
  "gen_score": 1.6867193579673767
}