{
  "d_loss": 0.725817671045661,
  "g_loss": -1.6395561546087265,
  "d_gp": 0.047401418385561556,
  "d_wass_loss": 0.25180351734161377,
  "real_score": 1.3877525627613068,
  "gen_score": 1.6395561546087265
}