{
  "d_loss": 0.30458426533732563,
  "g_loss": -1.399325881153345,
  "d_gp": 0.03606148991093505,
  "d_wass_loss": -0.05603060236899182,
  "real_score": 1.4553565010428429,
  "gen_score": 1.399325881153345
}