{
  "d_loss": 0.6999828722327948,
  "g_loss": -1.704171672463417,
  "d_gp": 0.032221914909314364,
  "d_wass_loss": 0.37776374630630016,
  "real_score": 1.3264078311622143,
  "gen_score": 1.704171672463417
}