{
  "d_loss": 0.3333738590590656,
  "g_loss": -1.52653144672513,
  "d_gp": 0.030514167592627928,
  "d_wass_loss": 0.028232183351065032,
  "real_score": 1.4982993006706238,
  "gen_score": 1.52653144672513
}