{
  "d_loss": 2.3127385899424553,
  "g_loss": -1.116738896816969,
  "d_gp": 0.20003200974315405,
  "d_wass_loss": 0.3124183975160122,
  "real_score": 0.8043206073343754,
  "gen_score": 1.116738896816969
}