{
  "d_loss": 4.671691343188286,
  "g_loss": 0.16701295506209135,
  "d_gp": 0.43327336572110653,
  "d_wass_loss": 0.33895777259022,
  "real_score": -0.5059707006439567,
  "gen_score": -0.16701295506209135
}