{
  "d_loss": 0.4532901383936405,
  "g_loss": -1.5676538608968258,
  "d_gp": 0.03356035891920328,
  "d_wass_loss": 0.11768655315972865,
  "real_score": 1.4499672427773476,
  "gen_score": 1.5676538608968258
}