{
  "d_loss": 3.82556913793087,
  "g_loss": -0.02241062386019621,
  "d_gp": 0.3503478355705738,
  "d_wass_loss": 0.32209054939448833,
  "real_score": -0.29967997316271067,
  "gen_score": 0.02241062386019621
}