{
  "d_loss": 5.578319221735001,
  "g_loss": -0.3931370908394456,
  "d_gp": 0.5440962836146355,
  "d_wass_loss": 0.13735656649805605,
  "real_score": 0.2557805157266557,
  "gen_score": 0.3931370908394456
}