{
  "d_loss": 3.4013291746377945,
  "g_loss": 0.08481787284836173,
  "d_gp": 0.29844822082668543,
  "d_wass_loss": 0.4168473556637764,
  "real_score": -0.5016652271151543,
  "gen_score": -0.08481787284836173
}