{
  "d_loss": 4.722139835357666,
  "g_loss": -0.5621215160936117,
  "d_gp": 0.4556642724201083,
  "d_wass_loss": 0.16549667064100504,
  "real_score": 0.39662482123821974,
  "gen_score": 0.5621215160936117
}