{
  "d_loss": 0.3000052282586694,
  "g_loss": -1.3884119167923927,
  "d_gp": 0.03686179273063317,
  "d_wass_loss": -0.0686127029475756,
  "real_score": 1.4570244513452053,
  "gen_score": 1.3884119167923927
}