{
  "d_loss": 0.2589215920306742,
  "g_loss": -1.4829161763191223,
  "d_gp": 0.024562056496506557,
  "d_wass_loss": 0.013301046046763076,
  "real_score": 1.469615213572979,
  "gen_score": 1.4829161763191223
}