{
  "d_loss": 0.6632496155798435,
  "g_loss": -1.6108346693217754,
  "d_gp": 0.047700353316031396,
  "d_wass_loss": 0.18624610640108585,
  "real_score": 1.424588743597269,
  "gen_score": 1.6108346693217754
}