{
  "d_loss": 0.4460662277415395,
  "g_loss": -1.4048188626766205,
  "d_gp": 0.05401539150625467,
  "d_wass_loss": -0.09408764191903174,
  "real_score": 1.4989064894616604,
  "gen_score": 1.4048188626766205
}