{
  "d_loss": 0.8054101318120956,
  "g_loss": -1.6568997725844383,
  "d_gp": 0.045935990056023,
  "d_wass_loss": 0.34605027362704277,
  "real_score": 1.3108493871986866,
  "gen_score": 1.6568997725844383
}