{
  "d_loss": 0.3750179628841579,
  "g_loss": -1.3317940756678581,
  "d_gp": 0.04458269604947418,
  "d_wass_loss": -0.07080903474707156,
  "real_score": 1.4026031345129013,
  "gen_score": 1.3317940756678581
}