{
  "d_loss": 0.44059561588801444,
  "g_loss": -1.4188957065343857,
  "d_gp": 0.05128535669064149,
  "d_wass_loss": -0.07225789301446639,
  "real_score": 1.491153560578823,
  "gen_score": 1.4188957065343857
}