{
  "d_loss": 0.7991693513467908,
  "g_loss": -1.6703669801354408,
  "d_gp": 0.0515585511457175,
  "d_wass_loss": 0.2835838170722127,
  "real_score": 1.386783141642809,
  "gen_score": 1.6703669801354408
}