{
  "d_loss": 3.8520251885056496,
  "g_loss": -0.7628111746162176,
  "d_gp": 0.3616500264033675,
  "d_wass_loss": 0.23552482621744275,
  "real_score": 0.5272862780839205,
  "gen_score": 0.7628111746162176
}