{
  "d_loss": 4.280149474740028,
  "g_loss": -0.6286899298429489,
  "d_gp": 0.4087105803191662,
  "d_wass_loss": 0.19304364221170545,
  "real_score": 0.4356462862342596,
  "gen_score": 0.6286899298429489
}