{
  "d_loss": 1.4488790184259415,
  "g_loss": -1.4737704806029797,
  "d_gp": 0.10183731652796268,
  "d_wass_loss": 0.43050580751150846,
  "real_score": 1.0432647913694382,
  "gen_score": 1.4737704806029797
}