{
  "d_loss": 0.5844542486593127,
  "g_loss": -1.6108165048062801,
  "d_gp": 0.03796764183789492,
  "d_wass_loss": 0.20477784983813763,
  "real_score": 1.406038660556078,
  "gen_score": 1.6108165048062801
}