{
  "d_loss": 0.8291739644482732,
  "g_loss": -1.720036942511797,
  "d_gp": 0.0499699471401982,
  "d_wass_loss": 0.3294744323939085,
  "real_score": 1.3905625343322754,
  "gen_score": 1.720036942511797
}