{
  "d_loss": 3.49125424772501,
  "g_loss": 0.10939420480281115,
  "d_gp": 0.305817567743361,
  "d_wass_loss": 0.43307852651923895,
  "real_score": -0.5424727126955986,
  "gen_score": -0.10939420480281115
}