{
  "d_loss": 0.32936329673975706,
  "g_loss": -1.569258525967598,
  "d_gp": 0.024970018304884434,
  "d_wass_loss": 0.07966308412142098,
  "real_score": 1.4895952306687832,
  "gen_score": 1.569258525967598
}