{
  "d_loss": 0.7769568357616663,
  "g_loss": -1.6174331344664097,
  "d_gp": 0.054166277579497546,
  "d_wass_loss": 0.23529417673125863,
  "real_score": 1.3821391090750694,
  "gen_score": 1.6174331344664097
}