{
  "d_loss": 1.70891347900033,
  "g_loss": -1.2921270094811916,
  "d_gp": 0.13392804330214858,
  "d_wass_loss": 0.3696330636739731,
  "real_score": 0.9224940240383148,
  "gen_score": 1.2921270094811916
}