{
  "d_loss": -0.237693399656564,
  "g_loss": -1.796199444681406,
  "d_gp": 0.03598847636021674,
  "d_wass_loss": -0.5975781921297312,
  "real_score": 2.393777571618557,
  "gen_score": 1.796199444681406
}