{
  "d_loss": 0.21527461614459753,
  "g_loss": -2.2837084978818893,
  "d_gp": 0.023903692956082523,
  "d_wass_loss": -0.02376230334630236,
  "real_score": 2.3074707463383675,
  "gen_score": 2.2837084978818893
}