{
  "d_loss": 4.524752601981163,
  "g_loss": -0.9437005314975977,
  "d_gp": 0.43408000748604536,
  "d_wass_loss": 0.18395291082561016,
  "real_score": 0.7597475815564394,
  "gen_score": 0.9437005314975977
}