{
  "d_loss": -0.21649960475042462,
  "g_loss": -2.142685927450657,
  "d_gp": 0.027481589931994677,
  "d_wass_loss": -0.49131548311561346,
  "real_score": 2.6340015530586243,
  "gen_score": 2.142685927450657
}