{
  "d_loss": -0.22023702785372734,
  "g_loss": -2.168683424592018,
  "d_gp": 0.017632114613661543,
  "d_wass_loss": -0.39655817579478025,
  "real_score": 2.5652416348457336,
  "gen_score": 2.168683424592018
}