{
  "d_loss": 3.3705661967396736,
  "g_loss": -1.2031408585608006,
  "d_gp": 0.31816896703094244,
  "d_wass_loss": 0.18887623911723495,
  "real_score": 1.014264577999711,
  "gen_score": 1.2031408585608006
}