{
  "d_loss": 0.12030826741829515,
  "g_loss": -2.312445305287838,
  "d_gp": 0.01662446462432854,
  "d_wass_loss": -0.045936393114971,
  "real_score": 2.3583814278244972,
  "gen_score": 2.312445305287838
}