{
  "d_loss": -0.490883263759315,
  "g_loss": -1.508496567606926,
  "d_gp": 0.03401431761449203,
  "d_wass_loss": -0.831026466563344,
  "real_score": 2.3395232036709785,
  "gen_score": 1.508496567606926
}