{
  "d_loss": -0.349702678155154,
  "g_loss": -1.5205430649220943,
  "d_gp": 0.0527000785805285,
  "d_wass_loss": -0.8767034355551004,
  "real_score": 2.3972464203834534,
  "gen_score": 1.5205430649220943
}