{
  "d_loss": -0.016303155425703153,
  "g_loss": -1.810061488300562,
  "d_gp": 0.053959627577569336,
  "d_wass_loss": -0.5558994319289923,
  "real_score": 2.3659610226750374,
  "gen_score": 1.810061488300562
}