{
  "d_loss": 0.45079762674868107,
  "g_loss": -2.3286017775535583,
  "d_gp": 0.038230908336117864,
  "d_wass_loss": 0.06848853186238557,
  "real_score": 2.260113261640072,
  "gen_score": 2.3286017775535583
}