{
  "d_loss": -0.12121360367746092,
  "g_loss": -2.338470935821533,
  "d_gp": 0.014270615443820134,
  "d_wass_loss": -0.2639197534881532,
  "real_score": 2.6023905649781227,
  "gen_score": 2.338470935821533
}