{
  "d_loss": -0.35459260642528534,
  "g_loss": -1.6290979757905006,
  "d_gp": 0.03343199484515935,
  "d_wass_loss": -0.6889125257730484,
  "real_score": 2.3180104717612267,
  "gen_score": 1.6290979757905006
}