{
  "d_loss": -0.20285200281068683,
  "g_loss": -1.6950217597186565,
  "d_gp": 0.032546494563575834,
  "d_wass_loss": -0.5283169969916344,
  "real_score": 2.223338730633259,
  "gen_score": 1.6950217597186565
}