{
  "d_loss": -0.21266799932345748,
  "g_loss": -2.2022953256964684,
  "d_gp": 0.015384799567982554,
  "d_wass_loss": -0.3665160173550248,
  "real_score": 2.568811245262623,
  "gen_score": 2.2022953256964684
}