{
  "d_loss": -0.4460349380970001,
  "g_loss": -1.4432186968624592,
  "d_gp": 0.04897604900179431,
  "d_wass_loss": -0.935795571655035,
  "real_score": 2.3790140599012375,
  "gen_score": 1.4432186968624592
}