{
  "d_loss": -0.3844157671555877,
  "g_loss": -1.4017815068364143,
  "d_gp": 0.041632017004303634,
  "d_wass_loss": -0.8007359635084867,
  "real_score": 2.2025176137685776,
  "gen_score": 1.4017815068364143
}