{
  "d_loss": -0.5039452565833926,
  "g_loss": -1.4982930161058903,
  "d_gp": 0.02944691653829068,
  "d_wass_loss": -0.7984143886715174,
  "real_score": 2.2967073544859886,
  "gen_score": 1.4982930161058903
}