{
  "d_loss": -0.49057356733828783,
  "g_loss": -1.8100735992193222,
  "d_gp": 0.028916297538671643,
  "d_wass_loss": -0.7797365263104439,
  "real_score": 2.5898098200559616,
  "gen_score": 1.8100735992193222
}