{
  "d_loss": -0.0798195742390817,
  "g_loss": -2.382940299808979,
  "d_gp": 0.015331645961850882,
  "d_wass_loss": -0.23313603410497308,
  "real_score": 2.6160761192440987,
  "gen_score": 2.382940299808979
}