{
  "d_loss": 0.045811683870851994,
  "g_loss": -2.238119386136532,
  "d_gp": 0.014736182318301871,
  "d_wass_loss": -0.10155014600604773,
  "real_score": 2.3396692126989365,
  "gen_score": 2.238119386136532
}