{
  "d_loss": -0.15799001627601683,
  "g_loss": -1.361130841076374,
  "d_gp": 0.0513974140631035,
  "d_wass_loss": -0.6719641871750355,
  "real_score": 2.0330949127674103,
  "gen_score": 1.361130841076374
}