{
  "d_loss": 0.2939341189339757,
  "g_loss": -2.2981760054826736,
  "d_gp": 0.029198716569226235,
  "d_wass_loss": 0.0019469637991278432,
  "real_score": 2.296229124069214,
  "gen_score": 2.2981760054826736
}