{
  "d_loss": -0.29114091396331787,
  "g_loss": -2.1482782289385796,
  "d_gp": 0.020730311633087695,
  "d_wass_loss": -0.49844400864094496,
  "real_score": 2.646722197532654,
  "gen_score": 2.1482782289385796
}