{
  "d_loss": 0.015117985219148977,
  "g_loss": -2.22209445387125,
  "d_gp": 0.01786615129094571,
  "d_wass_loss": -0.16354353306815028,
  "real_score": 2.3856380581855774,
  "gen_score": 2.22209445387125
}