{
  "d_loss": -0.2723948652856052,
  "g_loss": -2.116097815334797,
  "d_gp": 0.017782293958589435,
  "d_wass_loss": -0.4502177620306611,
  "real_score": 2.5663157403469086,
  "gen_score": 2.116097815334797
}