{
  "d_loss": -0.7011825498193502,
  "g_loss": -1.4685284458100796,
  "d_gp": 0.018141769367503002,
  "d_wass_loss": -0.8826003354042768,
  "real_score": 2.351128712296486,
  "gen_score": 1.4685284458100796
}