{
  "d_loss": 0.1086256387643516,
  "g_loss": -2.270898327231407,
  "d_gp": 0.018734640296315774,
  "d_wass_loss": -0.07872075936757028,
  "real_score": 2.3496191054582596,
  "gen_score": 2.270898327231407
}