{
  "d_loss": -0.19891167944297194,
  "g_loss": -2.20672757178545,
  "d_gp": 0.012618699911399744,
  "d_wass_loss": -0.3250986700877547,
  "real_score": 2.531826473772526,
  "gen_score": 2.20672757178545
}