{
  "d_loss": -0.6052827537059784,
  "g_loss": -1.4841566607356071,
  "d_gp": 0.02231857305741869,
  "d_wass_loss": -0.8284684978425503,
  "real_score": 2.3126251250505447,
  "gen_score": 1.4841566607356071
}