{
  "d_loss": 0.09285776375327259,
  "g_loss": -2.3138217628002167,
  "d_gp": 0.01922632093192078,
  "d_wass_loss": -0.09940544608980417,
  "real_score": 2.413227327167988,
  "gen_score": 2.3138217628002167
}