{
  "d_loss": 0.9799002949148417,
  "g_loss": -2.0074069052934647,
  "d_gp": 0.08382958848960698,
  "d_wass_loss": 0.14160446403548121,
  "real_score": 1.8658024743199348,
  "gen_score": 2.0074069052934647
}