{
  "d_loss": -0.1876796819269657,
  "g_loss": -2.087105557322502,
  "d_gp": 0.03673982055624947,
  "d_wass_loss": -0.5550778824836016,
  "real_score": 2.6421832740306854,
  "gen_score": 2.087105557322502
}