{
  "d_loss": 2.894877977669239,
  "g_loss": -1.341677699238062,
  "d_gp": 0.2711401078850031,
  "d_wass_loss": 0.18347689555957913,
  "real_score": 1.158200815320015,
  "gen_score": 1.341677699238062
}