{
  "d_loss": -0.5706010516732931,
  "g_loss": -1.5147981941699982,
  "d_gp": 0.030056958843488246,
  "d_wass_loss": -0.8711706306785345,
  "real_score": 2.3859688192605972,
  "gen_score": 1.5147981941699982
}