{
  "d_loss": 5.580035462975502,
  "g_loss": -0.7300413642078638,
  "d_gp": 0.5406210441142321,
  "d_wass_loss": 0.1738248006440699,
  "real_score": 0.5562165509909391,
  "gen_score": 0.7300413642078638
}