{
  "d_loss": -0.29298424907028675,
  "g_loss": -1.6993414498865604,
  "d_gp": 0.0349221276701428,
  "d_wass_loss": -0.6422055214643478,
  "real_score": 2.3415466845035553,
  "gen_score": 1.6993414498865604
}