{
  "d_loss": -0.5966577399522066,
  "g_loss": -1.450334832072258,
  "d_gp": 0.03045535832643509,
  "d_wass_loss": -0.9012113381177187,
  "real_score": 2.3515462949872017,
  "gen_score": 1.450334832072258
}