{
  "d_loss": -0.1590570902917534,
  "g_loss": -1.7774751968681812,
  "d_gp": 0.038151214364916086,
  "d_wass_loss": -0.5405692858621478,
  "real_score": 2.318044237792492,
  "gen_score": 1.7774751968681812
}