{
  "d_loss": -0.1718540503643453,
  "g_loss": -2.230679951608181,
  "d_gp": 0.010284129428328015,
  "d_wass_loss": -0.2746953316964209,
  "real_score": 2.505375310778618,
  "gen_score": 2.230679951608181
}