{
  "d_loss": -0.4786154143512249,
  "g_loss": -1.5130470804870129,
  "d_gp": 0.03446494686068036,
  "d_wass_loss": -0.8232648503035307,
  "real_score": 2.336311914026737,
  "gen_score": 1.5130470804870129
}