{
  "d_loss": -0.47814143635332584,
  "g_loss": -1.6372162587940693,
  "d_gp": 0.030276704812422395,
  "d_wass_loss": -0.7809084597975016,
  "real_score": 2.4181250035762787,
  "gen_score": 1.6372162587940693
}