{
  "d_loss": -0.3320869137533009,
  "g_loss": -1.8118963055312634,
  "d_gp": 0.03703518694965169,
  "d_wass_loss": -0.7024387735873461,
  "real_score": 2.5143350288271904,
  "gen_score": 1.8118963055312634
}