{
  "d_loss": -0.32707353914156556,
  "g_loss": -1.6042609736323357,
  "d_gp": 0.034543825197033584,
  "d_wass_loss": -0.6725117322057486,
  "real_score": 2.276772692799568,
  "gen_score": 1.6042609736323357
}