{
  "d_loss": -0.17350047873333097,
  "g_loss": -2.281910791993141,
  "d_gp": 0.014471370435785502,
  "d_wass_loss": -0.31821418274194,
  "real_score": 2.6001251190900803,
  "gen_score": 2.281910791993141
}