{
  "d_loss": 6.022662848234177,
  "g_loss": -0.6257070191204548,
  "d_gp": 0.5871071927249432,
  "d_wass_loss": 0.15159100061282516,
  "real_score": 0.4741160413250327,
  "gen_score": 0.6257070191204548
}