{
  "d_loss": -0.3180928146466613,
  "g_loss": -1.935778371989727,
  "d_gp": 0.03663357245386578,
  "d_wass_loss": -0.6844285577535629,
  "real_score": 2.620206944644451,
  "gen_score": 1.935778371989727
}