{
  "d_loss": 0.8291164878755808,
  "g_loss": -2.2135693728923798,
  "d_gp": 0.06466800603084266,
  "d_wass_loss": 0.18243641452863812,
  "real_score": 2.031132847070694,
  "gen_score": 2.2135693728923798
}