{
  "d_loss": -0.12128925710567273,
  "g_loss": -2.2758640870451927,
  "d_gp": 0.022587944491533563,
  "d_wass_loss": -0.34716868679970503,
  "real_score": 2.6230327039957047,
  "gen_score": 2.2758640870451927
}