{
  "d_loss": -0.5377496648579836,
  "g_loss": -1.5412874668836594,
  "d_gp": 0.025592403049813583,
  "d_wass_loss": -0.7936736773699522,
  "real_score": 2.3349613547325134,
  "gen_score": 1.5412874668836594
}