{
  "d_loss": -0.21546102804131806,
  "g_loss": -1.6784079372882843,
  "d_gp": 0.040031690150499344,
  "d_wass_loss": -0.6157779432833195,
  "real_score": 2.2941857501864433,
  "gen_score": 1.6784079372882843
}