{
  "d_loss": -0.01810952062078286,
  "g_loss": -1.8993352390825748,
  "d_gp": 0.05430841923225671,
  "d_wass_loss": -0.5611937148496509,
  "real_score": 2.460529126226902,
  "gen_score": 1.8993352390825748
}