{
  "d_loss": 0.31378407403826714,
  "g_loss": -2.3030913695693016,
  "d_gp": 0.029995783232152462,
  "d_wass_loss": 0.013826229614096519,
  "real_score": 2.289265438914299,
  "gen_score": 2.3030913695693016
}