{
  "d_loss": -0.17315909429453313,
  "g_loss": -1.447000190615654,
  "d_gp": 0.04391206556465477,
  "d_wass_loss": -0.6122797168791294,
  "real_score": 2.059279829263687,
  "gen_score": 1.447000190615654
}