{
  "d_loss": -0.30436938302591443,
  "g_loss": -1.4737305790185928,
  "d_gp": 0.04294938046950847,
  "d_wass_loss": -0.7338631879538298,
  "real_score": 2.207593895494938,
  "gen_score": 1.4737305790185928
}