{
  "d_loss": -0.0978237790404819,
  "g_loss": -1.7940364629030228,
  "d_gp": 0.03793359798146412,
  "d_wass_loss": -0.47715974412858486,
  "real_score": 2.2711960449814796,
  "gen_score": 1.7940364629030228
}