{
  "d_loss": 0.24985087336972356,
  "g_loss": -2.323515385389328,
  "d_gp": 0.023591662233229727,
  "d_wass_loss": 0.013934271122707287,
  "real_score": 2.3095812797546387,
  "gen_score": 2.323515385389328
}