{
  "d_loss": 2.3339942544698715,
  "g_loss": -1.5029191300272942,
  "d_gp": 0.21473953546956182,
  "d_wass_loss": 0.18659901106730103,
  "real_score": 1.3163200616836548,
  "gen_score": 1.5029191300272942
}