{
  "d_loss": -0.10283109289593995,
  "g_loss": -2.2499829158186913,
  "d_gp": 0.010218321200227365,
  "d_wass_loss": -0.20501431683078408,
  "real_score": 2.4549973383545876,
  "gen_score": 2.2499829158186913
}