{
  "d_loss": -0.21756338328123093,
  "g_loss": -2.2645103186368942,
  "d_gp": 0.017786045238608494,
  "d_wass_loss": -0.3954238276928663,
  "real_score": 2.659934274852276,
  "gen_score": 2.2645103186368942
}