{
  "d_loss": -0.29739689733833075,
  "g_loss": -2.059494722634554,
  "d_gp": 0.02569903114635963,
  "d_wass_loss": -0.5543872229754925,
  "real_score": 2.6138817742466927,
  "gen_score": 2.059494722634554
}