{
  "d_loss": -0.4248022376559675,
  "g_loss": -1.6443102918565273,
  "d_gp": 0.04078424163162708,
  "d_wass_loss": -0.8326445445418358,
  "real_score": 2.4769547805190086,
  "gen_score": 1.6443102918565273
}