{
  "d_loss": -0.48278386052697897,
  "g_loss": -1.8299846723675728,
  "d_gp": 0.029879530891776085,
  "d_wass_loss": -0.7815792337059975,
  "real_score": 2.611564017832279,
  "gen_score": 1.8299846723675728
}