{
  "d_loss": -0.5634212391451001,
  "g_loss": -1.5485221557319164,
  "d_gp": 0.022826868866104633,
  "d_wass_loss": -0.7916899789124727,
  "real_score": 2.3402120992541313,
  "gen_score": 1.5485221557319164
}