{
  "d_loss": -0.3722948869690299,
  "g_loss": -1.8511480689048767,
  "d_gp": 0.03669944650027901,
  "d_wass_loss": -0.7392893861979246,
  "real_score": 2.5904372856020927,
  "gen_score": 1.8511480689048767
}