{
  "d_loss": 0.5059431325644255,
  "g_loss": -2.2956193685531616,
  "d_gp": 0.04148064646869898,
  "d_wass_loss": 0.09113665809854865,
  "real_score": 2.2044827044010162,
  "gen_score": 2.2956193685531616
}