{
  "d_loss": -0.4592689499258995,
  "g_loss": -1.826365277171135,
  "d_gp": 0.028664493875112385,
  "d_wass_loss": -0.7459139227867126,
  "real_score": 2.572279155254364,
  "gen_score": 1.826365277171135
}