{
  "d_loss": 1.3056578189134598,
  "g_loss": -1.832466434687376,
  "d_gp": 0.11478025349788368,
  "d_wass_loss": 0.1578553761355579,
  "real_score": 1.6746112182736397,
  "gen_score": 1.832466434687376
}