{
  "d_loss": -0.5775007773190737,
  "g_loss": -1.6042482107877731,
  "d_gp": 0.032704219745937735,
  "d_wass_loss": -0.9045428931713104,
  "real_score": 2.5087910816073418,
  "gen_score": 1.6042482107877731
}