{
  "d_loss": -0.21055854437872767,
  "g_loss": -2.1794215962290764,
  "d_gp": 0.010145970169105567,
  "d_wass_loss": -0.3120182352140546,
  "real_score": 2.491440050303936,
  "gen_score": 2.1794215962290764
}