{
  "d_loss": -0.12867183657363057,
  "g_loss": -1.6803818233311176,
  "d_gp": 0.035478284931741655,
  "d_wass_loss": -0.48345468286424875,
  "real_score": 2.163836382329464,
  "gen_score": 1.6803818233311176
}