{
  "d_loss": -0.04460616226424463,
  "g_loss": -2.1999004036188126,
  "d_gp": 0.014871514431433752,
  "d_wass_loss": -0.19332131883129478,
  "real_score": 2.393221653997898,
  "gen_score": 2.1999004036188126
}