{
  "d_loss": -0.017902511099237017,
  "g_loss": -2.273746408522129,
  "d_gp": 0.014705316250910982,
  "d_wass_loss": -0.16495568165555596,
  "real_score": 2.438702180981636,
  "gen_score": 2.273746408522129
}