{
  "d_loss": -0.3646132294088602,
  "g_loss": -1.688355691730976,
  "d_gp": 0.03439223603345454,
  "d_wass_loss": -0.7085355520248413,
  "real_score": 2.39689140021801,
  "gen_score": 1.688355691730976
}