{
  "d_loss": 6.451522409915924,
  "g_loss": -0.48949021752923727,
  "d_gp": 0.6360924523323774,
  "d_wass_loss": 0.09059754619374871,
  "real_score": 0.3988927146419883,
  "gen_score": 0.48949021752923727
}