{
  "d_loss": -0.2406733795069158,
  "g_loss": -2.22294595092535,
  "d_gp": 0.020210405549732968,
  "d_wass_loss": -0.44277744460850954,
  "real_score": 2.66572342813015,
  "gen_score": 2.22294595092535
}