{
  "d_loss": -0.5727107003331184,
  "g_loss": -1.6744783967733383,
  "d_gp": 0.03136594203533605,
  "d_wass_loss": -0.8863701298832893,
  "real_score": 2.560848467051983,
  "gen_score": 1.6744783967733383
}