{
  "d_loss": -0.22478504898026586,
  "g_loss": -2.1609935611486435,
  "d_gp": 0.027052905468735844,
  "d_wass_loss": -0.4953140923753381,
  "real_score": 2.656307801604271,
  "gen_score": 2.1609935611486435
}