{
  "d_loss": -0.08891259184747469,
  "g_loss": -2.2595197930932045,
  "d_gp": 0.01355436272569932,
  "d_wass_loss": -0.22445621201768517,
  "real_score": 2.483975827693939,
  "gen_score": 2.2595197930932045
}