{
  "d_loss": -0.1583475226070732,
  "g_loss": -2.2136470824480057,
  "d_gp": 0.02243111963616684,
  "d_wass_loss": -0.3826587349176407,
  "real_score": 2.5963056087493896,
  "gen_score": 2.2136470824480057
}