{
  "d_loss": -0.06261315758456476,
  "g_loss": -2.2867924720048904,
  "d_gp": 0.01881292517646216,
  "d_wass_loss": -0.2507424196228385,
  "real_score": 2.53753512352705,
  "gen_score": 2.2867924720048904
}