{
  "d_loss": -0.225269281771034,
  "g_loss": -2.1540623530745506,
  "d_gp": 0.014687329879961908,
  "d_wass_loss": -0.372142581269145,
  "real_score": 2.52620492875576,
  "gen_score": 2.1540623530745506
}