{
  "d_loss": -0.4078464014455676,
  "g_loss": -1.6917093805968761,
  "d_gp": 0.03453504486242309,
  "d_wass_loss": -0.7531968150287867,
  "real_score": 2.4449061304330826,
  "gen_score": 1.6917093805968761
}