{
  "d_loss": -0.15335015906021,
  "g_loss": -2.216277077794075,
  "d_gp": 0.01010709028923884,
  "d_wass_loss": -0.2544210869818926,
  "real_score": 2.470698207616806,
  "gen_score": 2.216277077794075
}