{
  "d_loss": -0.11493805283680558,
  "g_loss": -1.5896638296544552,
  "d_gp": 0.04326564178336412,
  "d_wass_loss": -0.5475944774225354,
  "real_score": 2.137258268892765,
  "gen_score": 1.5896638296544552
}