{
  "d_loss": -0.6330128759145737,
  "g_loss": -1.5166399516165257,
  "d_gp": 0.02459097545943223,
  "d_wass_loss": -0.8789225425571203,
  "real_score": 2.3955626040697098,
  "gen_score": 1.5166399516165257
}