{
  "d_loss": 5.0526014268398285,
  "g_loss": -0.8284855764359236,
  "d_gp": 0.48767808359116316,
  "d_wass_loss": 0.17582016298547387,
  "real_score": 0.652665488421917,
  "gen_score": 0.8284855764359236
}