{
  "d_loss": -0.25762457959353924,
  "g_loss": -2.1333357989788055,
  "d_gp": 0.01643709946074523,
  "d_wass_loss": -0.42199557181447744,
  "real_score": 2.5553311929106712,
  "gen_score": 2.1333357989788055
}