{
  "d_loss": -0.6158721130341291,
  "g_loss": -1.4455417171120644,
  "d_gp": 0.03047091356711462,
  "d_wass_loss": -0.9205812141299248,
  "real_score": 2.3661230579018593,
  "gen_score": 1.4455417171120644
}