{
  "d_loss": 4.024282589554787,
  "g_loss": -1.0625575557351112,
  "d_gp": 0.3842951850965619,
  "d_wass_loss": 0.1813308889977634,
  "real_score": 0.8812266010791063,
  "gen_score": 1.0625575557351112
}