{
  "d_loss": -0.016540751154934696,
  "g_loss": -2.303778365254402,
  "d_gp": 0.015749931015307084,
  "d_wass_loss": -0.17404006700962782,
  "real_score": 2.477818265557289,
  "gen_score": 2.303778365254402
}