{
  "d_loss": -0.5406534895300865,
  "g_loss": -1.4955105818808079,
  "d_gp": 0.02542865287978202,
  "d_wass_loss": -0.7949399892240763,
  "real_score": 2.2904505655169487,
  "gen_score": 1.4955105818808079
}