{
  "d_loss": 0.6646239124238491,
  "g_loss": -2.2861322835087776,
  "d_gp": 0.052061568829230964,
  "d_wass_loss": 0.14400820527225733,
  "real_score": 2.1421240866184235,
  "gen_score": 2.2861322835087776
}