{
  "d_loss": 0.003588737872632919,
  "g_loss": -2.203894555568695,
  "d_gp": 0.013173068902688101,
  "d_wass_loss": -0.12814195407554507,
  "real_score": 2.33203661441803,
  "gen_score": 2.203894555568695
}