{
  "d_loss": -0.38587776757776737,
  "g_loss": -1.88896544277668,
  "d_gp": 0.031636873027309775,
  "d_wass_loss": -0.7022465020418167,
  "real_score": 2.5912117287516594,
  "gen_score": 1.88896544277668
}