{
  "d_loss": -0.419135813601315,
  "g_loss": -1.60457281768322,
  "d_gp": 0.028593526309123263,
  "d_wass_loss": -0.7050711195915937,
  "real_score": 2.3096442073583603,
  "gen_score": 1.60457281768322
}