{
  "d_loss": -0.2033416978083551,
  "g_loss": -1.6456714272499084,
  "d_gp": 0.042082852334715426,
  "d_wass_loss": -0.6241702549159527,
  "real_score": 2.2698417007923126,
  "gen_score": 1.6456714272499084
}