{
  "d_loss": -0.47566970624029636,
  "g_loss": -1.657908372581005,
  "d_gp": 0.03774054709356278,
  "d_wass_loss": -0.8530752044171095,
  "real_score": 2.5109836012125015,
  "gen_score": 1.657908372581005
}