{
  "d_loss": -0.5903215752914548,
  "g_loss": -1.4095281437039375,
  "d_gp": 0.033615001069847494,
  "d_wass_loss": -0.9264716450124979,
  "real_score": 2.335999794304371,
  "gen_score": 1.4095281437039375
}