{
  "d_loss": 1.7990350984036922,
  "g_loss": -1.6699960827827454,
  "d_gp": 0.16194909904152155,
  "d_wass_loss": 0.17954416293650866,
  "real_score": 1.4904518388211727,
  "gen_score": 1.6699960827827454
}