{
  "d_loss": 7.765030860900879,
  "g_loss": 0.011759977787733078,
  "d_gp": 0.7841309309005737,
  "d_wass_loss": -0.07627815753221512,
  "real_socre": 0.06451817601919174,
  "gen_score": -0.011759977787733078
}