{
  "d_loss": 7.495309829711914,
  "g_loss": 0.011411059647798538,
  "d_gp": 0.7580454349517822,
  "d_wass_loss": -0.08514558523893356,
  "real_socre": 0.07373455166816711,
  "gen_score": -0.011411059647798538
}