{
  "d_loss": 7.815397262573242,
  "g_loss": 0.012092163786292076,
  "d_gp": 0.7883473634719849,
  "d_wass_loss": -0.06807803362607956,
  "real_socre": 0.05598587542772293,
  "gen_score": -0.012092163786292076
}