{
  "d_loss": 8.011518478393555,
  "g_loss": 0.01241349708288908,
  "d_gp": 0.8071935176849365,
  "d_wass_loss": -0.06041577830910683,
  "real_socre": 0.04800228774547577,
  "gen_score": -0.01241349708288908
}