{
  "d_loss": 7.331413269042969,
  "g_loss": 0.011038590222597122,
  "d_gp": 0.7426255345344543,
  "d_wass_loss": -0.09484369307756424,
  "real_socre": 0.08380509167909622,
  "gen_score": -0.011038590222597122
}