{
  "d_loss": 4.7131833136081696,
  "g_loss": 3674799.3671875,
  "d_gp": 0.4751433786004782,
  "d_wass_loss": -0.03825039806542918,
  "real_score": -3674799.3046875,
  "gen_score": -3674799.3671875
}