{
  "d_loss": 8.040175437927246,
  "g_loss": -0.00875829067081213,
  "d_gp": 0.8065460920333862,
  "d_wass_loss": -0.025284020230174065,
  "real_socre": 0.03404231369495392,
  "gen_score": 0.00875829067081213
}