{
  "d_loss": 8.121698379516602,
  "g_loss": -0.007820067927241325,
  "d_gp": 0.8143765330314636,
  "d_wass_loss": -0.022067856043577194,
  "real_socre": 0.02988792397081852,
  "gen_score": 0.007820067927241325
}