{
  "d_loss": 8.396751403808594,
  "g_loss": -0.0054167103953659534,
  "d_gp": 0.8412931561470032,
  "d_wass_loss": -0.016179321333765984,
  "real_socre": 0.0215960331261158,
  "gen_score": 0.0054167103953659534
}