{
  "d_loss": 8.33653736114502,
  "g_loss": -0.006707129999995232,
  "d_gp": 0.8355563282966614,
  "d_wass_loss": -0.01902671903371811,
  "real_socre": 0.02573384717106819,
  "gen_score": 0.006707129999995232
}