{
  "d_loss": 8.525704383850098,
  "g_loss": -0.0042835115455091,
  "d_gp": 0.8539215326309204,
  "d_wass_loss": -0.013511206023395061,
  "real_socre": 0.017794717103242874,
  "gen_score": 0.0042835115455091
}