{
  "d_loss": 4.531475067138672,
  "g_loss": -0.16521383821964264,
  "d_gp": 0.453548401594162,
  "d_wass_loss": -0.00400867685675621,
  "real_socre": 0.16922251880168915,
  "gen_score": 0.16521383821964264
}