{
  "d_loss": 4.707648754119873,
  "g_loss": -0.1617175042629242,
  "d_gp": 0.4711243510246277,
  "d_wass_loss": -0.00359402596950531,
  "real_socre": 0.1653115451335907,
  "gen_score": 0.1617175042629242
}