{
  "d_loss": 4.50567102432251,
  "g_loss": -0.16405855119228363,
  "d_gp": 0.4509550631046295,
  "d_wass_loss": -0.0038798667956143618,
  "real_socre": 0.16793841123580933,
  "gen_score": 0.16405855119228363
}