{
  "d_loss": 4.564508438110352,
  "g_loss": -0.16285036504268646,
  "d_gp": 0.4568256735801697,
  "d_wass_loss": -0.0037482203915715218,
  "real_socre": 0.1665986031293869,
  "gen_score": 0.16285036504268646
}