{
  "d_loss": 4.722459316253662,
  "g_loss": -0.16642862558364868,
  "d_gp": 0.4726576507091522,
  "d_wass_loss": -0.004116739146411419,
  "real_socre": 0.17054539918899536,
  "gen_score": 0.16642862558364868
}