{
  "d_loss": 5.277359202504158,
  "g_loss": -0.5142535613849759,
  "d_gp": 0.5026691872626543,
  "d_wass_loss": 0.250667208340019,
  "real_score": 0.26358638145029545,
  "gen_score": 0.5142535613849759
}