{
  "d_loss": 1.2734544351696968,
  "g_loss": -1.7074495404958725,
  "d_gp": 0.07983040227554739,
  "d_wass_loss": 0.4751504398882389,
  "real_score": 1.2322991415858269,
  "gen_score": 1.7074495404958725
}