{
  "d_loss": 1.001624058932066,
  "g_loss": -1.55771891400218,
  "d_gp": 0.08054765698034316,
  "d_wass_loss": 0.196147617418319,
  "real_score": 1.361571304500103,
  "gen_score": 1.55771891400218
}