{
  "d_loss": 1.0915574468672276,
  "g_loss": -1.570165477693081,
  "d_gp": 0.08564149227458984,
  "d_wass_loss": 0.23514249129220843,
  "real_score": 1.3350228853523731,
  "gen_score": 1.570165477693081
}