{
  "d_loss": 1.0434303022921085,
  "g_loss": -1.4804728738963604,
  "d_gp": 0.09431181498803198,
  "d_wass_loss": 0.1003121412359178,
  "real_score": 1.3801606483757496,
  "gen_score": 1.4804728738963604
}