{
  "d_loss": 1.0369535442441702,
  "g_loss": -1.5080324858427048,
  "d_gp": 0.0912678943714127,
  "d_wass_loss": 0.12427458120509982,
  "real_score": 1.3837577812373638,
  "gen_score": 1.5080324858427048
}