{
  "d_loss": 7.123423188924789,
  "g_loss": -0.26184930140152574,
  "d_gp": 0.6948561854660511,
  "d_wass_loss": 0.1748617342673242,
  "real_score": 0.08698757411912084,
  "gen_score": 0.26184930140152574
}