{
  "d_loss": 3.7056331783533096,
  "g_loss": -0.7307133730500937,
  "d_gp": 0.34134001284837723,
  "d_wass_loss": 0.2922327984124422,
  "real_score": 0.4384805532172322,
  "gen_score": 0.7307133730500937
}