{
  "d_loss": 1.219138965010643,
  "g_loss": -1.4306109361350536,
  "d_gp": 0.08528051956091076,
  "d_wass_loss": 0.3663337528705597,
  "real_score": 1.06427713483572,
  "gen_score": 1.4306109361350536
}