{
  "d_loss": 6.223611116409302,
  "g_loss": -0.36019662488251925,
  "d_gp": 0.6045161057263613,
  "d_wass_loss": 0.17845007590949535,
  "real_score": 0.18174653174355626,
  "gen_score": 0.36019662488251925
}