{
  "d_loss": 0.992160702124238,
  "g_loss": -1.5348046757280827,
  "d_gp": 0.08430078160017729,
  "d_wass_loss": 0.1491528251208365,
  "real_score": 1.385651834309101,
  "gen_score": 1.5348046757280827
}