{
  "d_loss": 6.563866809010506,
  "g_loss": -0.31452829390764236,
  "d_gp": 0.6381374001502991,
  "d_wass_loss": 0.18249347805976868,
  "real_score": 0.1320347893051803,
  "gen_score": 0.31452829390764236
}