{
  "d_loss": 1.0356627563014627,
  "g_loss": -1.4671902433037758,
  "d_gp": 0.09157156368019059,
  "d_wass_loss": 0.11994717153720558,
  "real_score": 1.3472429811954498,
  "gen_score": 1.4671902433037758
}