{
  "d_loss": 2.1553750783205032,
  "g_loss": -1.0325008686631918,
  "d_gp": 0.18394227931275964,
  "d_wass_loss": 0.31595228519290686,
  "real_score": 0.7165486216545105,
  "gen_score": 1.0325008686631918
}