{
  "d_loss": 2.971831187605858,
  "g_loss": -0.9280433375388384,
  "d_gp": 0.26057335222139955,
  "d_wass_loss": 0.36609768215566874,
  "real_score": 0.5619456227868795,
  "gen_score": 0.9280433375388384
}