{
  "d_loss": 4.778177231550217,
  "g_loss": -0.5751060079783201,
  "d_gp": 0.45032957289367914,
  "d_wass_loss": 0.27488141879439354,
  "real_score": 0.30022459384053946,
  "gen_score": 0.5751060079783201
}