{
  "d_loss": 0.8335292069241405,
  "g_loss": -1.4881500378251076,
  "d_gp": 0.06739681866019964,
  "d_wass_loss": 0.15956109575927258,
  "real_score": 1.3285889141261578,
  "gen_score": 1.4881500378251076
}