{
  "d_loss": 1.4121652767062187,
  "g_loss": -1.3831903412938118,
  "d_gp": 0.10057161469012499,
  "d_wass_loss": 0.4064490906894207,
  "real_score": 0.976741312071681,
  "gen_score": 1.3831903412938118
}