{
  "d_loss": 0.9966251254081726,
  "g_loss": -1.5030183233320713,
  "d_gp": 0.08763078122865409,
  "d_wass_loss": 0.12031729822047055,
  "real_score": 1.3827009424567223,
  "gen_score": 1.5030183233320713
}