{
  "d_loss": 6.011838883161545,
  "g_loss": -0.48851420916616917,
  "d_gp": 0.5730102863162756,
  "d_wass_loss": 0.2817363515496254,
  "real_score": 0.20677785528823733,
  "gen_score": 0.48851420916616917
}