{
  "d_loss": 1.1142899431288242,
  "g_loss": -1.6417613588273525,
  "d_gp": 0.0738380360417068,
  "d_wass_loss": 0.37590963672846556,
  "real_score": 1.2658518254756927,
  "gen_score": 1.6417613588273525
}