{
  "d_loss": 1.7337885238230228,
  "g_loss": -1.3256073854863644,
  "d_gp": 0.12935171741992235,
  "d_wass_loss": 0.4402712266892195,
  "real_score": 0.8853361383080482,
  "gen_score": 1.3256073854863644
}