{
  "d_loss": 0.9582042824476957,
  "g_loss": -1.626681912690401,
  "d_gp": 0.06566300278063864,
  "d_wass_loss": 0.3015742851421237,
  "real_score": 1.3251076191663742,
  "gen_score": 1.626681912690401
}