{
  "d_loss": 1.056550070643425,
  "g_loss": -1.5476701110601425,
  "d_gp": 0.08686872135149315,
  "d_wass_loss": 0.1878628507256508,
  "real_score": 1.3598073534667492,
  "gen_score": 1.5476701110601425
}