{
  "d_loss": 1.033953195437789,
  "g_loss": -1.487557791173458,
  "d_gp": 0.07444097753614187,
  "d_wass_loss": 0.2895434256643057,
  "real_score": 1.198014385998249,
  "gen_score": 1.487557791173458
}