{
  "d_loss": 1.1334625110030174,
  "g_loss": -1.4729926697909832,
  "d_gp": 0.07992900966200978,
  "d_wass_loss": 0.3341723820194602,
  "real_score": 1.1388203613460064,
  "gen_score": 1.4729926697909832
}