{
  "d_loss": 1.1248587537556887,
  "g_loss": -1.6061593629419804,
  "d_gp": 0.08092630445025861,
  "d_wass_loss": 0.3155957469716668,
  "real_score": 1.2905635237693787,
  "gen_score": 1.6061593629419804
}