{
  "d_loss": 2.4521951004862785,
  "g_loss": -0.9856061339378357,
  "d_gp": 0.2102574808523059,
  "d_wass_loss": 0.34962020348757505,
  "real_score": 0.635985879227519,
  "gen_score": 0.9856061339378357
}