{
  "d_loss": 4.527038991451263,
  "g_loss": -0.6228149402886629,
  "d_gp": 0.42458395194262266,
  "d_wass_loss": 0.2811998203396797,
  "real_score": 0.3416151227429509,
  "gen_score": 0.6228149402886629
}