{
  "d_loss": 0.8748438935726881,
  "g_loss": -1.5014057382941246,
  "d_gp": 0.07188616995699704,
  "d_wass_loss": 0.15598217537626624,
  "real_score": 1.3454236797988415,
  "gen_score": 1.5014057382941246
}