{
  "d_loss": 7.091065317392349,
  "g_loss": -0.3327487092465162,
  "d_gp": 0.6857038270682096,
  "d_wass_loss": 0.23402657406404614,
  "real_score": 0.09872216125950217,
  "gen_score": 0.3327487092465162
}