{
  "d_loss": 1.9245325401425362,
  "g_loss": -1.262803841382265,
  "d_gp": 0.14575719716958702,
  "d_wass_loss": 0.46696055214852095,
  "real_score": 0.7958433758467436,
  "gen_score": 1.262803841382265
}