{
  "d_loss": 6.771967321634293,
  "g_loss": -0.3174549927935004,
  "d_gp": 0.6567934900522232,
  "d_wass_loss": 0.20403282763436437,
  "real_score": 0.11342214327305555,
  "gen_score": 0.3174549927935004
}