{
  "d_loss": 3.468596838414669,
  "g_loss": -0.8458200786262751,
  "d_gp": 0.311774673871696,
  "d_wass_loss": 0.3508497178554535,
  "real_score": 0.49497036822140217,
  "gen_score": 0.8458200786262751
}