{
  "d_loss": 1.1036311015486717,
  "g_loss": -1.4576114565134048,
  "d_gp": 0.10322411358356476,
  "d_wass_loss": 0.07138995989225805,
  "real_score": 1.3862213641405106,
  "gen_score": 1.4576114565134048
}