{
  "d_loss": 5.624462693929672,
  "g_loss": -0.5093447379767895,
  "d_gp": 0.5348327234387398,
  "d_wass_loss": 0.2761358432471752,
  "real_score": 0.2332088598050177,
  "gen_score": 0.5093447379767895
}