{
  "d_loss": 4.098543807864189,
  "g_loss": -0.6683957856148481,
  "d_gp": 0.3818979077041149,
  "d_wass_loss": 0.2795647969469428,
  "real_score": 0.3888310110196471,
  "gen_score": 0.6683957856148481
}