{
  "d_loss": 1.0541233271360397,
  "g_loss": -1.482038639485836,
  "d_gp": 0.09701990569010377,
  "d_wass_loss": 0.0839242150541395,
  "real_score": 1.3981144167482853,
  "gen_score": 1.482038639485836
}