{
  "d_loss": 1.0005694404244423,
  "g_loss": -1.5717159025371075,
  "d_gp": 0.07397194916848093,
  "d_wass_loss": 0.26084984512999654,
  "real_score": 1.3108660839498043,
  "gen_score": 1.5717159025371075
}