{
  "d_loss": 0.8600545842200518,
  "g_loss": -1.5542626827955246,
  "d_gp": 0.06585121527314186,
  "d_wass_loss": 0.2015424445271492,
  "real_score": 1.3527203164994717,
  "gen_score": 1.5542626827955246
}