{
  "d_loss": 0.9594457298517227,
  "g_loss": -1.5156041346490383,
  "d_gp": 0.08329444748233072,
  "d_wass_loss": 0.12650117883458734,
  "real_score": 1.3891031295061111,
  "gen_score": 1.5156041346490383
}