{
  "d_loss": 6.432921886444092,
  "g_loss": -0.3227520231157541,
  "d_gp": 0.6265645921230316,
  "d_wass_loss": 0.16727613424882293,
  "real_score": 0.1554758818820119,
  "gen_score": 0.3227520231157541
}