{
  "d_loss": 1.0266763679683208,
  "g_loss": -1.473757155239582,
  "d_gp": 0.09423162427265197,
  "d_wass_loss": 0.08436022093519568,
  "real_score": 1.3893968872725964,
  "gen_score": 1.473757155239582
}