{
  "d_loss": 0.8378390092402697,
  "g_loss": -1.5398450903594494,
  "d_gp": 0.06287485535722226,
  "d_wass_loss": 0.20909041306003928,
  "real_score": 1.330754704773426,
  "gen_score": 1.5398450903594494
}