{
  "d_loss": 2.0019979886710644,
  "g_loss": -0.26476594479754567,
  "d_gp": 0.20018558856099844,
  "d_wass_loss": 0.0001420683111064136,
  "real_score": 0.2646239181049168,
  "gen_score": 0.26476594479754567
}