{
  "d_loss": 1.6506034173071384,
  "g_loss": -0.3315362548455596,
  "d_gp": 0.16838640067726374,
  "d_wass_loss": -0.03326062485575676,
  "real_score": 0.3647968992590904,
  "gen_score": 0.3315362548455596
}