{
  "d_loss": 3.532170318067074,
  "g_loss": -0.29064260330051184,
  "d_gp": 0.3530389228835702,
  "d_wass_loss": 0.0017808710035751574,
  "real_score": 0.288861739449203,
  "gen_score": 0.29064260330051184
}