{
  "d_loss": 2.8037505373358727,
  "g_loss": -0.3002160042524338,
  "d_gp": 0.2786954967305064,
  "d_wass_loss": 0.016795742012618575,
  "real_score": 0.2834202917292714,
  "gen_score": 0.3002160042524338
}