{
  "d_loss": 3.5211130008101463,
  "g_loss": -0.3064378425478935,
  "d_gp": 0.3513912623748183,
  "d_wass_loss": 0.007200556539530112,
  "real_score": 0.29923727829009295,
  "gen_score": 0.3064378425478935
}