{
  "d_loss": 2.1228021159768105,
  "g_loss": -0.31564385164529085,
  "d_gp": 0.21185484761372209,
  "d_wass_loss": 0.0042535440625215415,
  "real_score": 0.31139031518250704,
  "gen_score": 0.31564385164529085
}