{
  "d_loss": 4.463776230812073,
  "g_loss": -0.3864419860765338,
  "d_gp": 0.4373767115175724,
  "d_wass_loss": 0.0900093384552747,
  "real_score": 0.29643263667821884,
  "gen_score": 0.3864419860765338
}