{
  "d_loss": 2.0921676829457283,
  "g_loss": -0.2841947954148054,
  "d_gp": 0.20863935677334666,
  "d_wass_loss": 0.005774078997092147,
  "real_score": 0.27842072676867247,
  "gen_score": 0.2841947954148054
}