{
  "d_loss": 1.7842863239347935,
  "g_loss": -0.33509458508342505,
  "d_gp": 0.1768654976040125,
  "d_wass_loss": 0.015631144648068585,
  "real_score": 0.31946344301104546,
  "gen_score": 0.33509458508342505
}