{
  "d_loss": 1.3697521276772022,
  "g_loss": -0.3175323083996773,
  "d_gp": 0.13953934656456113,
  "d_wass_loss": -0.025641208505476243,
  "real_score": 0.343173498287797,
  "gen_score": 0.3175323083996773
}