{
  "d_loss": 2.1074444241821766,
  "g_loss": -0.2203182289376855,
  "d_gp": 0.21395026054233313,
  "d_wass_loss": -0.032058173419500235,
  "real_score": 0.25237637432292104,
  "gen_score": 0.2203182289376855
}