{
  "d_loss": 1.7237336337566376,
  "g_loss": -0.3126960201188922,
  "d_gp": 0.17146215913817286,
  "d_wass_loss": 0.009112110899877734,
  "real_score": 0.30358389392495155,
  "gen_score": 0.3126960201188922
}