{
  "d_loss": 1.57949535921216,
  "g_loss": -0.36479813791811466,
  "d_gp": 0.15575324790552258,
  "d_wass_loss": 0.021963013510685414,
  "real_score": 0.34283510968089104,
  "gen_score": 0.36479813791811466
}