{
  "d_loss": 1.5228437520563602,
  "g_loss": -0.3488714834675193,
  "d_gp": 0.14865688025020063,
  "d_wass_loss": 0.036274983736802824,
  "real_score": 0.31259650737047195,
  "gen_score": 0.3488714834675193
}