{
  "d_loss": 3.043220818042755,
  "g_loss": -0.3004907798022032,
  "d_gp": 0.30290626268833876,
  "d_wass_loss": 0.014158355130348355,
  "real_score": 0.2863324247300625,
  "gen_score": 0.3004907798022032
}