{
  "d_loss": 4.726829871535301,
  "g_loss": -0.3446105383336544,
  "d_gp": 0.4660250134766102,
  "d_wass_loss": 0.06657939893193543,
  "real_score": 0.27803115732967854,
  "gen_score": 0.3446105383336544
}