{
  "d_loss": 1.717684343457222,
  "g_loss": -0.320430944673717,
  "d_gp": 0.17301995772868395,
  "d_wass_loss": -0.012515066260675667,
  "real_score": 0.3329459959641099,
  "gen_score": 0.320430944673717
}