{
  "d_loss": 3.8991693183779716,
  "g_loss": -0.3025085525587201,
  "d_gp": 0.3890074221417308,
  "d_wass_loss": 0.0090950718804379,
  "real_score": 0.2934134742245078,
  "gen_score": 0.3025085525587201
}