{
  "d_loss": 3.694250926375389,
  "g_loss": -0.3011665754020214,
  "d_gp": 0.3690710933879018,
  "d_wass_loss": 0.0035402010871621314,
  "real_score": 0.2976263966411352,
  "gen_score": 0.3011665754020214
}