{
  "d_loss": 1.453756157308817,
  "g_loss": -0.3147977292537689,
  "d_gp": 0.1457693816628307,
  "d_wass_loss": -0.003937541916457121,
  "real_score": 0.3187352577224374,
  "gen_score": 0.3147977292537689
}