{
  "d_loss": 4.303530924022198,
  "g_loss": -0.36661805491894484,
  "d_gp": 0.4256035313010216,
  "d_wass_loss": 0.047495316131971776,
  "real_score": 0.31912271212786436,
  "gen_score": 0.36661805491894484
}