{
  "d_loss": 1.5458189360797405,
  "g_loss": -0.3235493525862694,
  "d_gp": 0.15642641903832555,
  "d_wass_loss": -0.018445225607138127,
  "real_score": 0.34199455566704273,
  "gen_score": 0.3235493525862694
}