{
  "d_loss": 4.320722281932831,
  "g_loss": -0.37543873954564333,
  "d_gp": 0.42741198372095823,
  "d_wass_loss": 0.04660242912359536,
  "real_score": 0.32883633952587843,
  "gen_score": 0.37543873954564333
}