{
  "d_loss": 1.4495349042117596,
  "g_loss": -0.2930131368339062,
  "d_gp": 0.1488733161240816,
  "d_wass_loss": -0.0391982970177196,
  "real_score": 0.33221144787967205,
  "gen_score": 0.2930131368339062
}