{
  "d_loss": 1.9728427082300186,
  "g_loss": -0.294334277510643,
  "d_gp": 0.19331936817616224,
  "d_wass_loss": 0.03964899471611716,
  "real_score": 0.2546853036619723,
  "gen_score": 0.294334277510643
}