{
  "d_loss": 2.619686610996723,
  "g_loss": -0.27710620127618313,
  "d_gp": 0.26146660558879375,
  "d_wass_loss": 0.005020519656682154,
  "real_score": 0.2720856722444296,
  "gen_score": 0.27710620127618313
}