{
  "d_loss": 1.6444866880774498,
  "g_loss": -0.3552519530057907,
  "d_gp": 0.16225477261468768,
  "d_wass_loss": 0.021938848605714156,
  "real_score": 0.333313106559217,
  "gen_score": 0.3552519530057907
}