{
  "d_loss": 1.6594975925981998,
  "g_loss": -0.3524290397763252,
  "d_gp": 0.16431386210024357,
  "d_wass_loss": 0.016359112813006504,
  "real_score": 0.3360699648037553,
  "gen_score": 0.3524290397763252
}