{
  "d_loss": 1.6516401395201683,
  "g_loss": -0.29213501792401075,
  "d_gp": 0.16603199066594243,
  "d_wass_loss": -0.008679666527314112,
  "real_score": 0.30081468541175127,
  "gen_score": 0.29213501792401075
}