{
  "d_loss": 1.4695184230804443,
  "g_loss": -0.3341523455455899,
  "d_gp": 0.14717176044359803,
  "d_wass_loss": -0.0021992067340761423,
  "real_score": 0.33635156136006117,
  "gen_score": 0.3341523455455899
}