{
  "d_loss": 2.365811839699745,
  "g_loss": -0.2625076896511018,
  "d_gp": 0.2369115948677063,
  "d_wass_loss": -0.003303893667180091,
  "real_score": 0.26581158116459846,
  "gen_score": 0.2625076896511018
}