{
  "d_loss": 3.8925695940852165,
  "g_loss": -0.2982898000627756,
  "d_gp": 0.3883889438584447,
  "d_wass_loss": 0.00867951743384765,
  "real_score": 0.28961028065532446,
  "gen_score": 0.2982898000627756
}