{
  "d_loss": 1.3471430987119675,
  "g_loss": -0.3607412725687027,
  "d_gp": 0.13136607804335654,
  "d_wass_loss": 0.03348238073522225,
  "real_score": 0.32725889701396227,
  "gen_score": 0.3607412725687027
}