{
  "d_loss": 2.23090797662735,
  "g_loss": -0.2625198233872652,
  "d_gp": 0.2211211696267128,
  "d_wass_loss": 0.019696146555361338,
  "real_score": 0.24282369436696172,
  "gen_score": 0.2625198233872652
}