{
  "d_loss": 2.7099442332983017,
  "g_loss": -0.32493352610617876,
  "d_gp": 0.26641772128641605,
  "d_wass_loss": 0.045767029165290296,
  "real_score": 0.2791664879769087,
  "gen_score": 0.32493352610617876
}