{
  "d_loss": 1.684307437390089,
  "g_loss": -0.4273093929514289,
  "d_gp": 0.16216265480034053,
  "d_wass_loss": 0.06268109299708158,
  "real_score": 0.36462831497192383,
  "gen_score": 0.4273093929514289
}