{
  "d_loss": 1.5541004426777363,
  "g_loss": -0.3069109804928303,
  "d_gp": 0.15868113934993744,
  "d_wass_loss": -0.03271101863356307,
  "real_score": 0.3396220402792096,
  "gen_score": 0.3069109804928303
}