{
  "d_loss": 1.9701508656144142,
  "g_loss": -0.35873254854232073,
  "d_gp": 0.19258499797433615,
  "d_wass_loss": 0.04430099896126194,
  "real_score": 0.31443151645362377,
  "gen_score": 0.35873254854232073
}