{
  "d_loss": 4.258029356598854,
  "g_loss": -0.39330464880913496,
  "d_gp": 0.41877707187086344,
  "d_wass_loss": 0.07025858398992568,
  "real_score": 0.3230461049824953,
  "gen_score": 0.39330464880913496
}