{
  "d_loss": 1.448987390846014,
  "g_loss": -0.25459263753145933,
  "d_gp": 0.15032032132148743,
  "d_wass_loss": -0.0542157415766269,
  "real_score": 0.3088083378970623,
  "gen_score": 0.25459263753145933
}