{
  "d_loss": 5.792652487754822,
  "g_loss": -0.3301944984123111,
  "d_gp": 0.5579756945371628,
  "d_wass_loss": 0.21289577661082149,
  "real_score": 0.11729869083501399,
  "gen_score": 0.3301944984123111
}