{
  "d_loss": 4.043154992163181,
  "g_loss": -0.3342838557437062,
  "d_gp": 0.4008486643433571,
  "d_wass_loss": 0.03466807410586625,
  "real_score": 0.29961576871573925,
  "gen_score": 0.3342838557437062
}