{
  "d_loss": 1.5283673740923405,
  "g_loss": -0.3088384624570608,
  "d_gp": 0.1587917748838663,
  "d_wass_loss": -0.05955052259378135,
  "real_score": 0.368389006704092,
  "gen_score": 0.3088384624570608
}