{
  "d_loss": 1.205988846719265,
  "g_loss": -0.28076081443578005,
  "d_gp": 0.12237312574870884,
  "d_wass_loss": -0.017742446056217887,
  "real_score": 0.2985032591968775,
  "gen_score": 0.28076081443578005
}