{
  "d_loss": 1.4891766496002674,
  "g_loss": -0.348733083344996,
  "d_gp": 0.14645325648598373,
  "d_wass_loss": 0.024644173274282366,
  "real_score": 0.32408891525119543,
  "gen_score": 0.348733083344996
}