{
  "d_loss": 3.949109271168709,
  "g_loss": -0.321243385784328,
  "d_gp": 0.39294500555843115,
  "d_wass_loss": 0.019659139099530876,
  "real_score": 0.30158423632383347,
  "gen_score": 0.321243385784328
}