{
  "d_loss": 1.9618375971913338,
  "g_loss": -0.2843682747334242,
  "d_gp": 0.19949868507683277,
  "d_wass_loss": -0.03314899286488071,
  "real_score": 0.31751725543290377,
  "gen_score": 0.2843682747334242
}