{
  "d_loss": 5.113352939486504,
  "g_loss": -0.32962354458868504,
  "d_gp": 0.4950050422921777,
  "d_wass_loss": 0.1633026646450162,
  "real_score": 0.16632089111953974,
  "gen_score": 0.32962354458868504
}