{
  "d_loss": 3.3374559432268143,
  "g_loss": -0.28175790049135685,
  "d_gp": 0.3347495486959815,
  "d_wass_loss": -0.010039009284810163,
  "real_score": 0.29179689940065145,
  "gen_score": 0.28175790049135685
}