{
  "d_loss": 5.438290327787399,
  "g_loss": -0.40859901811927557,
  "d_gp": 0.5228629373013973,
  "d_wass_loss": 0.20966172544285655,
  "real_score": 0.1989372968673706,
  "gen_score": 0.40859901811927557
}