{
  "d_loss": 4.0104574635624886,
  "g_loss": -0.4221298871561885,
  "d_gp": 0.38960855826735497,
  "d_wass_loss": 0.11437196051701903,
  "real_score": 0.30775791499763727,
  "gen_score": 0.4221298871561885
}