{
  "d_loss": 1.501917865127325,
  "g_loss": -0.42492429818958044,
  "d_gp": 0.14246404124423862,
  "d_wass_loss": 0.07727730192709714,
  "real_score": 0.3476469898596406,
  "gen_score": 0.42492429818958044
}