{
  "d_loss": 1.5867898650467396,
  "g_loss": -0.37270808313041925,
  "d_gp": 0.15176013484597206,
  "d_wass_loss": 0.06918856163974851,
  "real_score": 0.30351953487843275,
  "gen_score": 0.37270808313041925
}