{
  "d_loss": 1.896723210811615,
  "g_loss": -0.4086446799337864,
  "d_gp": 0.17837887816131115,
  "d_wass_loss": 0.11293458472937346,
  "real_score": 0.29571009799838066,
  "gen_score": 0.4086446799337864
}