{
  "d_loss": 3.252949185669422,
  "g_loss": -0.29664985183626413,
  "d_gp": 0.32422943972051144,
  "d_wass_loss": 0.010654328612872632,
  "real_score": 0.28599551040679216,
  "gen_score": 0.29664985183626413
}