{
  "d_loss": 1.6966323256492615,
  "g_loss": -0.27360873436555266,
  "d_gp": 0.17427221033722162,
  "d_wass_loss": -0.04608974503935315,
  "real_score": 0.31969848927110434,
  "gen_score": 0.27360873436555266
}