{
  "d_loss": 3.247856520116329,
  "g_loss": -0.30259862914681435,
  "d_gp": 0.3235209211707115,
  "d_wass_loss": 0.012647276802454144,
  "real_score": 0.2899513114243746,
  "gen_score": 0.30259862914681435
}