{
  "d_loss": 4.457386404275894,
  "g_loss": -0.381401433609426,
  "d_gp": 0.43923062086105347,
  "d_wass_loss": 0.06508018390741199,
  "real_score": 0.3163212575018406,
  "gen_score": 0.381401433609426
}