{
  "d_loss": 1.468941356986761,
  "g_loss": -0.2583018406294286,
  "d_gp": 0.1556249875575304,
  "d_wass_loss": -0.08730845164973289,
  "real_score": 0.3456102991476655,
  "gen_score": 0.2583018406294286
}