{
  "d_loss": 1.5810922347009182,
  "g_loss": -0.30516510363668203,
  "d_gp": 0.15995319839566946,
  "d_wass_loss": -0.01843972271308303,
  "real_score": 0.3236048296093941,
  "gen_score": 0.30516510363668203
}