{
  "d_loss": 1.9911014772951603,
  "g_loss": -0.2869919156655669,
  "d_gp": 0.19941149139776826,
  "d_wass_loss": -0.003013408591868938,
  "real_score": 0.29000529646873474,
  "gen_score": 0.2869919156655669
}