{
  "d_loss": 5.594379156827927,
  "g_loss": -0.3914517229422927,
  "d_gp": 0.5326123423874378,
  "d_wass_loss": 0.26825621630996466,
  "real_score": 0.12319554481655359,
  "gen_score": 0.3914517229422927
}