{
  "d_loss": 1.385889420285821,
  "g_loss": -0.3225088343024254,
  "d_gp": 0.1389843870420009,
  "d_wass_loss": -0.003954571481031621,
  "real_score": 0.32646341528743505,
  "gen_score": 0.3225088343024254
}