{
  "d_loss": 1.6996804475784302,
  "g_loss": -0.28778850194066763,
  "d_gp": 0.17166435113176703,
  "d_wass_loss": -0.016962657253316138,
  "real_score": 0.30475118570029736,
  "gen_score": 0.28778850194066763
}