{
  "d_loss": 1.5278935991227627,
  "g_loss": -0.3443964319303632,
  "d_gp": 0.15002130065113306,
  "d_wass_loss": 0.027680547354975715,
  "real_score": 0.3167158914729953,
  "gen_score": 0.3443964319303632
}