{
  "d_loss": 1.488867774605751,
  "g_loss": -0.3258890379220247,
  "d_gp": 0.1524879711214453,
  "d_wass_loss": -0.03601189507753588,
  "real_score": 0.3619008846580982,
  "gen_score": 0.3258890379220247
}