{
  "d_loss": 1.5416463613510132,
  "g_loss": -0.3346475940197706,
  "d_gp": 0.15399217931553721,
  "d_wass_loss": 0.00172453428604058,
  "real_score": 0.3329230770468712,
  "gen_score": 0.3346475940197706
}