{
  "d_loss": 4.8339593559503555,
  "g_loss": -0.35224416945129633,
  "d_gp": 0.4733602926135063,
  "d_wass_loss": 0.1003564652055502,
  "real_score": 0.25188771029934287,
  "gen_score": 0.35224416945129633
}