{
  "d_loss": 1.8658422082662582,
  "g_loss": -0.2887862464413047,
  "d_gp": 0.18725201534107327,
  "d_wass_loss": -0.006678250065306202,
  "real_score": 0.29546452686190605,
  "gen_score": 0.2887862464413047
}