{
  "d_loss": 2.6668252423405647,
  "g_loss": -0.31698289327323437,
  "d_gp": 0.2631373545154929,
  "d_wass_loss": 0.03545172268059105,
  "real_score": 0.2815311914309859,
  "gen_score": 0.31698289327323437
}