{
  "d_loss": 3.462810903787613,
  "g_loss": -0.3013394046574831,
  "d_gp": 0.34575679060071707,
  "d_wass_loss": 0.005242936506760998,
  "real_score": 0.2960965344682336,
  "gen_score": 0.3013394046574831
}