{
  "d_loss": 1.4664500020444393,
  "g_loss": -0.3790639080107212,
  "d_gp": 0.13989041652530432,
  "d_wass_loss": 0.06754592631477863,
  "real_score": 0.31151797249913216,
  "gen_score": 0.3790639080107212
}