{
  "d_loss": 1.6016291417181492,
  "g_loss": -0.27405060501769185,
  "d_gp": 0.16306836367584765,
  "d_wass_loss": -0.02905454822757747,
  "real_score": 0.3031051643192768,
  "gen_score": 0.27405060501769185
}