{
  "d_loss": 5.078080862760544,
  "g_loss": -0.3853698307648301,
  "d_gp": 0.49168197996914387,
  "d_wass_loss": 0.1612606761045754,
  "real_score": 0.22410913975909352,
  "gen_score": 0.3853698307648301
}