{
  "d_loss": 1.5255785919725895,
  "g_loss": -0.4249204369261861,
  "d_gp": 0.14551790338009596,
  "d_wass_loss": 0.07039948343299329,
  "real_score": 0.35452095605432987,
  "gen_score": 0.4249204369261861
}