{
  "d_loss": 4.441767945885658,
  "g_loss": -0.36650329176336527,
  "d_gp": 0.43815409019589424,
  "d_wass_loss": 0.060226994566619396,
  "real_score": 0.3062763065099716,
  "gen_score": 0.36650329176336527
}