{
  "d_loss": 2.2931445837020874,
  "g_loss": -0.3376000393182039,
  "d_gp": 0.22069100616499782,
  "d_wass_loss": 0.08623459585942328,
  "real_score": 0.2513654571957886,
  "gen_score": 0.3376000393182039
}