{
  "d_loss": 1.733420018106699,
  "g_loss": -0.3408507639542222,
  "d_gp": 0.17117210756987333,
  "d_wass_loss": 0.02169911249075085,
  "real_score": 0.31915164832025766,
  "gen_score": 0.3408507639542222
}