{
  "d_loss": 1.6974592208862305,
  "g_loss": -0.3594441534951329,
  "d_gp": 0.16507241874933243,
  "d_wass_loss": 0.04673516663024202,
  "real_score": 0.3127089673653245,
  "gen_score": 0.3594441534951329
}