{
  "d_loss": 2.383547328412533,
  "g_loss": -0.26159064937382936,
  "d_gp": 0.23832220304757357,
  "d_wass_loss": 0.0003252595988669782,
  "real_score": 0.261265407782048,
  "gen_score": 0.26159064937382936
}