{
  "d_loss": 1.8376728184521198,
  "g_loss": -0.31434024404734373,
  "d_gp": 0.18530379980802536,
  "d_wass_loss": -0.01536506991396891,
  "real_score": 0.3297052988782525,
  "gen_score": 0.31434024404734373
}