{
  "d_loss": 2.602529004216194,
  "g_loss": -0.24613621598109603,
  "d_gp": 0.26186862122267485,
  "d_wass_loss": -0.01615714912804833,
  "real_score": 0.26229336531832814,
  "gen_score": 0.24613621598109603
}