{
  "d_loss": 4.24246871471405,
  "g_loss": -0.36813026014715433,
  "d_gp": 0.42035215348005295,
  "d_wass_loss": 0.03894713131012395,
  "real_score": 0.3291831463575363,
  "gen_score": 0.36813026014715433
}