{
  "d_loss": 3.783737428486347,
  "g_loss": -0.3134067291393876,
  "d_gp": 0.3771597631275654,
  "d_wass_loss": 0.012139513761212584,
  "real_score": 0.30126721039414406,
  "gen_score": 0.3134067291393876
}