{
  "d_loss": 1.886643037199974,
  "g_loss": -0.33329307846724987,
  "d_gp": 0.18461047299206257,
  "d_wass_loss": 0.04053840599954128,
  "real_score": 0.2927546417340636,
  "gen_score": 0.33329307846724987
}