{
  "d_loss": 2.0066335648298264,
  "g_loss": -0.2630035546608269,
  "d_gp": 0.20105802966281772,
  "d_wass_loss": -0.003946807046304457,
  "real_score": 0.26695037446916103,
  "gen_score": 0.2630035546608269
}