{
  "d_loss": 4.323437348008156,
  "g_loss": -0.39397893752902746,
  "d_gp": 0.4256040398031473,
  "d_wass_loss": 0.06739690399263054,
  "real_score": 0.3265820238739252,
  "gen_score": 0.39397893752902746
}