{
  "d_loss": 2.9804828241467476,
  "g_loss": -0.3036322332918644,
  "d_gp": 0.29690964613109827,
  "d_wass_loss": 0.01138627407635795,
  "real_score": 0.2922459440305829,
  "gen_score": 0.3036322332918644
}