{
  "d_loss": 1.5528305992484093,
  "g_loss": -0.2998962812125683,
  "d_gp": 0.1591536495834589,
  "d_wass_loss": -0.03870597365312278,
  "real_score": 0.3386022560298443,
  "gen_score": 0.2998962812125683
}