{
  "d_loss": 1.285270668566227,
  "g_loss": -0.2842910038307309,
  "d_gp": 0.13280540658161044,
  "d_wass_loss": -0.042783317738212645,
  "real_score": 0.3270743153989315,
  "gen_score": 0.2842910038307309
}