{
  "d_loss": 1.7158390581607819,
  "g_loss": -0.2975020622834563,
  "d_gp": 0.17208391008898616,
  "d_wass_loss": -0.00500007432538041,
  "real_score": 0.3025021469220519,
  "gen_score": 0.2975020622834563
}