{
  "d_loss": 1.539466928690672,
  "g_loss": -0.3231238089501858,
  "d_gp": 0.1534802340902388,
  "d_wass_loss": 0.00466450782460015,
  "real_score": 0.31845928728580475,
  "gen_score": 0.3231238089501858
}