{
  "d_loss": 4.397824183106422,
  "g_loss": -0.3514921311289072,
  "d_gp": 0.4373901328071952,
  "d_wass_loss": 0.023923076398205012,
  "real_score": 0.3275690693408251,
  "gen_score": 0.3514921311289072
}