{
  "d_loss": 5.42747275531292,
  "g_loss": -0.28056707978248596,
  "d_gp": 0.5288604954257607,
  "d_wass_loss": 0.13886749697849154,
  "real_score": 0.1416995543986559,
  "gen_score": 0.28056707978248596
}