{
  "d_loss": 1.8170172274112701,
  "g_loss": -0.34728898108005524,
  "d_gp": 0.1780323893763125,
  "d_wass_loss": 0.0366932675242424,
  "real_score": 0.3105957228690386,
  "gen_score": 0.34728898108005524
}