{
  "d_loss": 5.743552550673485,
  "g_loss": -0.2029675142839551,
  "d_gp": 0.5650811456143856,
  "d_wass_loss": 0.09274128498509526,
  "real_score": 0.11022622394375503,
  "gen_score": 0.2029675142839551
}