{
  "d_loss": 4.397794306278229,
  "g_loss": -0.3854027157649398,
  "d_gp": 0.43327329121530056,
  "d_wass_loss": 0.0650610898155719,
  "real_score": 0.32034160289913416,
  "gen_score": 0.3854027157649398
}