{
  "d_loss": 3.976373612880707,
  "g_loss": -0.36058866791427135,
  "d_gp": 0.3937939265742898,
  "d_wass_loss": 0.03843423491343856,
  "real_score": 0.3221544399857521,
  "gen_score": 0.36058866791427135
}