{
  "d_loss": 5.358090594410896,
  "g_loss": -0.2995136622339487,
  "d_gp": 0.5185745693743229,
  "d_wass_loss": 0.17234522011131048,
  "real_score": 0.12716844910755754,
  "gen_score": 0.2995136622339487
}