{
  "d_loss": 1.6341651529073715,
  "g_loss": -0.2920330362394452,
  "d_gp": 0.1670635500922799,
  "d_wass_loss": -0.03647021314827725,
  "real_score": 0.3285032380372286,
  "gen_score": 0.2920330362394452
}