{
  "d_loss": -0.9943604376167059,
  "g_loss": 7.2756569385528564,
  "d_gp": 0.3367994027212262,
  "d_wass_loss": -4.362353965640068,
  "real_score": -2.9133029356598854,
  "gen_score": -7.2756569385528564
}