{
  "d_loss": -11.174070537090302,
  "g_loss": 5.667726755142212,
  "d_gp": 0.2780649857595563,
  "d_wass_loss": -13.954720228910446,
  "real_score": 8.286993592977524,
  "gen_score": -5.667726755142212
}