{
  "d_loss": 3.517332822084427,
  "g_loss": 3.0725250840187073,
  "d_gp": 0.4440518952906132,
  "d_wass_loss": -0.9231860805302858,
  "real_score": -2.149339284747839,
  "gen_score": -3.0725250840187073
}