{
  "d_loss": 0.521145080216229,
  "g_loss": 5.111733332276344,
  "d_gp": 0.2823799201287329,
  "d_wass_loss": -2.3026541993021965,
  "real_score": -2.809079460799694,
  "gen_score": -5.111733332276344
}