{
  "d_loss": -7.762895300984383,
  "g_loss": 10.076842784881592,
  "d_gp": 0.2835409063845873,
  "d_wass_loss": -10.598304212093353,
  "real_score": 0.5214617913588881,
  "gen_score": -10.076842784881592
}