{
  "d_loss": -13.38462519645691,
  "g_loss": 2.927149273455143,
  "d_gp": 0.3434236589819193,
  "d_wass_loss": -16.81886288523674,
  "real_score": 13.89171153306961,
  "gen_score": -2.927149273455143
}