{
  "d_loss": -12.390559136867523,
  "g_loss": 3.477517195045948,
  "d_gp": 0.3107630079612136,
  "d_wass_loss": -15.498189568519592,
  "real_score": 12.020672112703323,
  "gen_score": -3.477517195045948
}