{
  "d_loss": -5.344730898737907,
  "g_loss": 9.750277042388916,
  "d_gp": 0.3374152425676584,
  "d_wass_loss": -8.718883097171783,
  "real_score": -1.031393764540553,
  "gen_score": -9.750277042388916
}