{
  "d_loss": -12.589790344238281,
  "g_loss": 3.050120495259762,
  "d_gp": 0.30734329111874104,
  "d_wass_loss": -15.663223922252655,
  "real_score": 12.613103836774826,
  "gen_score": -3.050120495259762
}