{
  "d_loss": -11.529182940721512,
  "g_loss": 5.115163326263428,
  "d_gp": 0.27261025831103325,
  "d_wass_loss": -14.255286276340485,
  "real_score": 9.140123039484024,
  "gen_score": -5.115163326263428
}