{
  "d_loss": -7.544516250491142,
  "g_loss": 9.976191610097885,
  "d_gp": 0.28154023364186287,
  "d_wass_loss": -10.359918713569641,
  "real_score": 0.38372693880228326,
  "gen_score": -9.976191610097885
}