{
  "d_loss": -2.468468353152275,
  "g_loss": 8.32918992638588,
  "d_gp": 0.350980618968606,
  "d_wass_loss": -5.978274509310722,
  "real_score": -2.3509145490825176,
  "gen_score": -8.32918992638588
}