{
  "d_loss": -11.835247218608856,
  "g_loss": 4.148834429681301,
  "d_gp": 0.29667233768850565,
  "d_wass_loss": -14.801970779895782,
  "real_score": 10.653137236833572,
  "gen_score": -4.148834429681301
}