{
  "d_loss": -13.349212110042572,
  "g_loss": 2.404858760535717,
  "d_gp": 0.3489279691129923,
  "d_wass_loss": -16.838492661714554,
  "real_score": 14.433632731437683,
  "gen_score": -2.404858760535717
}