{
  "d_loss": 7.406613126397133,
  "g_loss": 0.8405940216034651,
  "d_gp": 0.7426154389977455,
  "d_wass_loss": -0.019542026893759612,
  "real_score": -0.8210519757121801,
  "gen_score": -0.8405940216034651
}