{
  "d_loss": -8.422378852963448,
  "g_loss": 10.376376062631607,
  "d_gp": 0.27169171068817377,
  "d_wass_loss": -11.139295846223831,
  "real_score": 0.7629204243421555,
  "gen_score": -10.376376062631607
}