{
  "d_loss": -10.45543059706688,
  "g_loss": 10.481822103261948,
  "d_gp": 0.2890069168061018,
  "d_wass_loss": -13.345500499010086,
  "real_score": 2.863677494227886,
  "gen_score": -10.481822103261948
}