{
  "d_loss": -6.601488351821899,
  "g_loss": 9.887025147676468,
  "d_gp": 0.3223584871739149,
  "d_wass_loss": -9.825072675943375,
  "real_score": -0.061952341260621324,
  "gen_score": -9.887025147676468
}