{
  "d_loss": -10.641326040029526,
  "g_loss": 9.53215143084526,
  "d_gp": 0.2897590100765228,
  "d_wass_loss": -13.538916260004044,
  "real_score": 4.006764732301235,
  "gen_score": -9.53215143084526
}