{
  "d_loss": -4.432376608252525,
  "g_loss": 9.38102850317955,
  "d_gp": 0.3639917057007551,
  "d_wass_loss": -8.072293758392334,
  "real_score": -1.3087343014776707,
  "gen_score": -9.38102850317955
}