{
  "d_loss": -11.224079221487045,
  "g_loss": 6.135786727070808,
  "d_gp": 0.2742435708642006,
  "d_wass_loss": -13.966514348983765,
  "real_score": 7.830727994441986,
  "gen_score": -6.135786727070808
}