{
  "d_loss": -9.995285153388977,
  "g_loss": 11.116107046604156,
  "d_gp": 0.29353049490600824,
  "d_wass_loss": -12.930590093135834,
  "real_score": 1.8144828863441944,
  "gen_score": -11.116107046604156
}