{
  "d_loss": -12.90002527832985,
  "g_loss": 3.2360105589032173,
  "d_gp": 0.3289560601115227,
  "d_wass_loss": -16.189585834741592,
  "real_score": 12.953575015068054,
  "gen_score": -3.2360105589032173
}