{
  "d_loss": -3.961087577044964,
  "g_loss": 9.154813379049301,
  "d_gp": 0.3858509212732315,
  "d_wass_loss": -7.819596394896507,
  "real_score": -1.335216948762536,
  "gen_score": -9.154813379049301
}