{
  "d_loss": -8.842508256435394,
  "g_loss": 10.622487962245941,
  "d_gp": 0.2690293435007334,
  "d_wass_loss": -11.532801181077957,
  "real_score": 0.9103126190602779,
  "gen_score": -10.622487962245941
}