{
  "d_loss": -8.441576808691025,
  "g_loss": 10.507506996393204,
  "d_gp": 0.262994313146919,
  "d_wass_loss": -11.071520209312439,
  "real_score": 0.5640133465640247,
  "gen_score": -10.507506996393204
}