{
  "d_loss": -9.907711297273636,
  "g_loss": 11.157884985208511,
  "d_gp": 0.2875865837559104,
  "d_wass_loss": -12.783575803041458,
  "real_score": 1.6256913356482983,
  "gen_score": -11.157884985208511
}