{
  "d_loss": -10.399776071310043,
  "g_loss": 10.600523948669434,
  "d_gp": 0.2813950376585126,
  "d_wass_loss": -13.213725090026855,
  "real_score": 2.6132014729082584,
  "gen_score": -10.600523948669434
}