{
  "d_loss": -13.641765773296356,
  "g_loss": 2.4924600049853325,
  "d_gp": 0.3432013466954231,
  "d_wass_loss": -17.073779940605164,
  "real_score": 14.581318199634552,
  "gen_score": -2.4924600049853325
}