{
  "d_loss": -9.771937936544418,
  "g_loss": 11.147480815649033,
  "d_gp": 0.27215448673814535,
  "d_wass_loss": -12.493482857942581,
  "real_score": 1.346001686528325,
  "gen_score": -11.147480815649033
}