{
  "d_loss": -11.621500551700592,
  "g_loss": 4.292699009180069,
  "d_gp": 0.29101071041077375,
  "d_wass_loss": -14.531607955694199,
  "real_score": 10.238908588886261,
  "gen_score": -4.292699009180069
}