{
  "d_loss": -13.767540693283081,
  "g_loss": 2.4063686951994896,
  "d_gp": 0.358252021484077,
  "d_wass_loss": -17.35006046295166,
  "real_score": 14.943692952394485,
  "gen_score": -2.4063686951994896
}