{
  "d_loss": -10.983802109956741,
  "g_loss": 7.185922518372536,
  "d_gp": 0.2826505936682224,
  "d_wass_loss": -13.810308694839478,
  "real_score": 6.62438502907753,
  "gen_score": -7.185922518372536
}