{
  "d_loss": -0.940334377810359,
  "g_loss": 6.702288329601288,
  "d_gp": 0.282026051543653,
  "d_wass_loss": -3.760594964027405,
  "real_score": -2.941693589091301,
  "gen_score": -6.702288329601288
}