{
  "d_loss": -11.139838576316833,
  "g_loss": 6.611625000834465,
  "d_gp": 0.27304114680737257,
  "d_wass_loss": -13.870249569416046,
  "real_score": 7.25862418115139,
  "gen_score": -6.611625000834465
}