{
  "d_loss": -13.529263973236084,
  "g_loss": 2.2541090957820415,
  "d_gp": 0.34501313883811235,
  "d_wass_loss": -16.97939670085907,
  "real_score": 14.725287437438965,
  "gen_score": -2.2541090957820415
}