{
  "d_loss": 1.5646853931248188,
  "g_loss": 4.508820965886116,
  "d_gp": 0.3356281016021967,
  "d_wass_loss": -1.7915957272052765,
  "real_score": -2.717225432395935,
  "gen_score": -4.508820965886116
}