{
  "d_loss": -9.339001953601837,
  "g_loss": 11.018481731414795,
  "d_gp": 0.27677131816744804,
  "d_wass_loss": -12.106715261936188,
  "real_score": 1.08823361992836,
  "gen_score": -11.018481731414795
}