{
  "d_loss": -11.759672731161118,
  "g_loss": 4.631259575486183,
  "d_gp": 0.27311164140701294,
  "d_wass_loss": -14.490789473056793,
  "real_score": 9.85953015089035,
  "gen_score": -4.631259575486183
}