{
  "d_loss": -5.847133979201317,
  "g_loss": 9.774111032485962,
  "d_gp": 0.31641467846930027,
  "d_wass_loss": -9.011280983686447,
  "real_score": -0.7628307866980322,
  "gen_score": -9.774111032485962
}