{
  "d_loss": -13.599146068096161,
  "g_loss": 2.239368386566639,
  "d_gp": 0.3537525748834014,
  "d_wass_loss": -17.136670649051666,
  "real_score": 14.897302895784378,
  "gen_score": -2.239368386566639
}