{
  "d_loss": -6.962314680218697,
  "g_loss": 9.7994544506073,
  "d_gp": 0.30692735128104687,
  "d_wass_loss": -10.031587541103363,
  "real_score": 0.23213364515686408,
  "gen_score": -9.7994544506073
}