{
  "d_loss": -13.291897684335709,
  "g_loss": 3.1166165992617607,
  "d_gp": 0.34025042690336704,
  "d_wass_loss": -16.694401144981384,
  "real_score": 13.57778537273407,
  "gen_score": -3.1166165992617607
}