{
  "d_loss": 2.8474028259515762,
  "g_loss": 3.5253414884209633,
  "d_gp": 0.4013416040688753,
  "d_wass_loss": -1.1660131886601448,
  "real_score": -2.3593284860253334,
  "gen_score": -3.5253414884209633
}