{
  "d_loss": -12.686497151851654,
  "g_loss": 3.340289033949375,
  "d_gp": 0.3007009560242295,
  "d_wass_loss": -15.693507730960846,
  "real_score": 12.3532173037529,
  "gen_score": -3.340289033949375
}