{
  "d_loss": -10.065101116895676,
  "g_loss": 11.010289967060089,
  "d_gp": 0.29442235734313726,
  "d_wass_loss": -13.00932389497757,
  "real_score": 1.9990343563258648,
  "gen_score": -11.010289967060089
}