{
  "d_loss": -13.84985899925232,
  "g_loss": 2.6848303377628326,
  "d_gp": 0.3340610144659877,
  "d_wass_loss": -17.19046986103058,
  "real_score": 14.505639433860779,
  "gen_score": -2.6848303377628326
}