{
  "d_loss": -10.77694097161293,
  "g_loss": 7.694653078913689,
  "d_gp": 0.2933642687276006,
  "d_wass_loss": -13.710583865642548,
  "real_score": 6.015930816531181,
  "gen_score": -7.694653078913689
}