{
  "d_loss": -10.87248620390892,
  "g_loss": 8.436138153076172,
  "d_gp": 0.2801119899377227,
  "d_wass_loss": -13.673606544733047,
  "real_score": 5.237469390034676,
  "gen_score": -8.436138153076172
}