{
  "d_loss": -13.316309571266174,
  "g_loss": 3.3369921669363976,
  "d_gp": 0.333703575655818,
  "d_wass_loss": -16.653344064950943,
  "real_score": 13.316352844238281,
  "gen_score": -3.3369921669363976
}