{
  "d_loss": -12.64106148481369,
  "g_loss": 3.3698553666472435,
  "d_gp": 0.2901342371478677,
  "d_wass_loss": -15.542403280735016,
  "real_score": 12.172547280788422,
  "gen_score": -3.3698553666472435
}