{
  "d_loss": -9.124256998300552,
  "g_loss": 10.711065500974655,
  "d_gp": 0.26155418856069446,
  "d_wass_loss": -11.739799082279205,
  "real_score": 1.0287337712943554,
  "gen_score": -10.711065500974655
}