{
  "d_loss": 5.153135746717453,
  "g_loss": 2.1392311230301857,
  "d_gp": 0.5644545294344425,
  "d_wass_loss": -0.491409445181489,
  "real_score": -1.64782178029418,
  "gen_score": -2.1392311230301857
}