{
  "d_loss": -12.335508406162262,
  "g_loss": 3.814026601612568,
  "d_gp": 0.293892839923501,
  "d_wass_loss": -15.274437218904495,
  "real_score": 11.460410088300705,
  "gen_score": -3.814026601612568
}