{
  "d_loss": 6.3100384175777435,
  "g_loss": 1.3788779340684414,
  "d_gp": 0.6522244065999985,
  "d_wass_loss": -0.2122058179229498,
  "real_score": -1.1666719987988472,
  "gen_score": -1.3788779340684414
}