{
  "d_loss": 2.041589356958866,
  "g_loss": 4.047178067266941,
  "d_gp": 0.35332360211759806,
  "d_wass_loss": -1.491646397858858,
  "real_score": -2.55553188174963,
  "gen_score": -4.047178067266941
}