{
  "d_loss": 6.92585101723671,
  "g_loss": 1.069750940427184,
  "d_gp": 0.7021852228790522,
  "d_wass_loss": -0.0960013575386256,
  "real_score": -0.9737494830042124,
  "gen_score": -1.069750940427184
}