{
  "d_loss": -9.527071565389633,
  "g_loss": 10.937483608722687,
  "d_gp": 0.2550464626401663,
  "d_wass_loss": -12.077536284923553,
  "real_score": 1.1400525160133839,
  "gen_score": -10.937483608722687
}