{
  "d_loss": -12.946214437484741,
  "g_loss": 3.2699891924858093,
  "d_gp": 0.3370236838236451,
  "d_wass_loss": -16.316451251506805,
  "real_score": 13.04646247625351,
  "gen_score": -3.2699891924858093
}