{
  "d_loss": -13.56944727897644,
  "g_loss": 2.63812767714262,
  "d_gp": 0.33991711866110563,
  "d_wass_loss": -16.96861732006073,
  "real_score": 14.330491721630096,
  "gen_score": -2.63812767714262
}