{
  "d_loss": -14.004359632730484,
  "g_loss": 2.5352425053715706,
  "d_gp": 0.3534531807526946,
  "d_wass_loss": -17.538891196250916,
  "real_score": 15.003647685050964,
  "gen_score": -2.5352425053715706
}