{
  "d_loss": -13.273158311843872,
  "g_loss": 2.9385291785001755,
  "d_gp": 0.34412816166877747,
  "d_wass_loss": -16.714440166950226,
  "real_score": 13.77591022849083,
  "gen_score": -2.9385291785001755
}