{
  "d_loss": -1.6057345569133759,
  "g_loss": 7.761888951063156,
  "d_gp": 0.33428959269076586,
  "d_wass_loss": -4.948630452156067,
  "real_score": -2.813258394598961,
  "gen_score": -7.761888951063156
}