{
  "d_loss": -3.1593866795301437,
  "g_loss": 8.70964229106903,
  "d_gp": 0.38541163224726915,
  "d_wass_loss": -7.013502165675163,
  "real_score": -1.6961390227079391,
  "gen_score": -8.70964229106903
}