{
  "d_loss": -13.862341731786728,
  "g_loss": 2.4062415435910225,
  "d_gp": 0.36110801342874765,
  "d_wass_loss": -17.473422288894653,
  "real_score": 15.067179769277573,
  "gen_score": -2.4062415435910225
}