{
  "d_loss": -13.501656949520111,
  "g_loss": 2.3078497797250748,
  "d_gp": 0.3515530386939645,
  "d_wass_loss": -17.017185986042023,
  "real_score": 14.709337145090103,
  "gen_score": -2.3078497797250748
}