{
  "d_loss": -10.818421959877014,
  "g_loss": 8.951550096273422,
  "d_gp": 0.280048961751163,
  "d_wass_loss": -13.618911147117615,
  "real_score": 4.667361177504063,
  "gen_score": -8.951550096273422
}