{
  "d_loss": -13.81520214676857,
  "g_loss": 2.4860270246863365,
  "d_gp": 0.33454022370278835,
  "d_wass_loss": -17.16060307621956,
  "real_score": 14.674576669931412,
  "gen_score": -2.4860270246863365
}