{
  "d_loss": -0.6904392447322607,
  "g_loss": 6.163199171423912,
  "d_gp": 0.25475576892495155,
  "d_wass_loss": -3.2379968017339706,
  "real_score": -2.925202250480652,
  "gen_score": -6.163199171423912
}