{
  "d_loss": -11.86195158958435,
  "g_loss": 4.104235529899597,
  "d_gp": 0.2789724855683744,
  "d_wass_loss": -14.651676535606384,
  "real_score": 10.547441601753235,
  "gen_score": -4.104235529899597
}