{
  "d_loss": -13.911195576190948,
  "g_loss": 2.5647952035069466,
  "d_gp": 0.34515419974923134,
  "d_wass_loss": -17.362736225128174,
  "real_score": 14.797941207885742,
  "gen_score": -2.5647952035069466
}