{
  "d_loss": 4.392398029565811,
  "g_loss": 2.587809734046459,
  "d_gp": 0.5072814142331481,
  "d_wass_loss": -0.6804167982190847,
  "real_score": -1.9073930159211159,
  "gen_score": -2.587809734046459
}