{
  "d_loss": -9.740900248289108,
  "g_loss": 11.075092822313309,
  "d_gp": 0.2772642131894827,
  "d_wass_loss": -12.513542920351028,
  "real_score": 1.4384499974548817,
  "gen_score": -11.075092822313309
}