{
  "d_loss": -13.6080422103405,
  "g_loss": 2.959520474076271,
  "d_gp": 0.33162479754537344,
  "d_wass_loss": -16.924290597438812,
  "real_score": 13.964769631624222,
  "gen_score": -2.959520474076271
}