{
  "d_loss": 0.09071235683222767,
  "g_loss": 5.596514821052551,
  "d_gp": 0.28183493111282587,
  "d_wass_loss": -2.72763679176569,
  "real_score": -2.8688775673508644,
  "gen_score": -5.596514821052551
}