{
  "d_loss": -11.936380803585052,
  "g_loss": 3.849463641643524,
  "d_gp": 0.2950450172647834,
  "d_wass_loss": -14.886832386255264,
  "real_score": 11.037368416786194,
  "gen_score": -3.849463641643524
}