{
  "d_loss": -11.280716955661774,
  "g_loss": 5.39778009057045,
  "d_gp": 0.28208804223686457,
  "d_wass_loss": -14.101597219705582,
  "real_score": 8.703817039728165,
  "gen_score": -5.39778009057045
}