{
  "d_loss": -13.369530141353607,
  "g_loss": 3.398655988276005,
  "d_gp": 0.3246813165023923,
  "d_wass_loss": -16.61634224653244,
  "real_score": 13.217687904834747,
  "gen_score": -3.398655988276005
}