{
  "d_loss": -11.900289952754974,
  "g_loss": 3.924163818359375,
  "d_gp": 0.2910378249362111,
  "d_wass_loss": -14.810666739940643,
  "real_score": 10.88650381565094,
  "gen_score": -3.924163818359375
}