{
  "d_loss": -4.953891262412071,
  "g_loss": 9.669637262821198,
  "d_gp": 0.35870997328311205,
  "d_wass_loss": -8.540991604328156,
  "real_score": -1.1286452626809478,
  "gen_score": -9.669637262821198
}