{
  "d_loss": -12.757477879524231,
  "g_loss": 3.15547988563776,
  "d_gp": 0.3139658821746707,
  "d_wass_loss": -15.897137492895126,
  "real_score": 12.741656422615051,
  "gen_score": -3.15547988563776
}