{
  "d_loss": -10.14342200756073,
  "g_loss": 10.797885149717331,
  "d_gp": 0.29264896363019943,
  "d_wass_loss": -13.069911658763885,
  "real_score": 2.272026840597391,
  "gen_score": -10.797885149717331
}