{
  "d_loss": -12.689932197332382,
  "g_loss": 3.029767081141472,
  "d_gp": 0.3102754345163703,
  "d_wass_loss": -15.792686939239502,
  "real_score": 12.762919247150421,
  "gen_score": -3.029767081141472
}