{
  "d_loss": -13.160492330789566,
  "g_loss": 2.3899237141013145,
  "d_gp": 0.33140646666288376,
  "d_wass_loss": -16.474557906389236,
  "real_score": 14.084633588790894,
  "gen_score": -2.3899237141013145
}