{
  "d_loss": -3.5826614648103714,
  "g_loss": 8.903979748487473,
  "d_gp": 0.3805058989673853,
  "d_wass_loss": -7.387719705700874,
  "real_score": -1.5162589717656374,
  "gen_score": -8.903979748487473
}