{
  "d_loss": -12.759155422449112,
  "g_loss": 3.084872841835022,
  "d_gp": 0.33105543628335,
  "d_wass_loss": -16.069708913564682,
  "real_score": 12.984836250543594,
  "gen_score": -3.084872841835022
}