{
  "d_loss": -10.546571254730225,
  "g_loss": 9.984140366315842,
  "d_gp": 0.2809836342930794,
  "d_wass_loss": -13.35640835762024,
  "real_score": 3.3722676783800125,
  "gen_score": -9.984140366315842
}