{
  "d_loss": -12.48473009467125,
  "g_loss": 3.3615876510739326,
  "d_gp": 0.3148882361128926,
  "d_wass_loss": -15.633611500263214,
  "real_score": 12.272024780511856,
  "gen_score": -3.3615876510739326
}