{
  "d_loss": -2.0958182774484158,
  "g_loss": 8.131648615002632,
  "d_gp": 0.342416119761765,
  "d_wass_loss": -5.5199795961380005,
  "real_score": -2.611668571829796,
  "gen_score": -8.131648615002632
}