{
  "d_loss": -13.806959956884384,
  "g_loss": 2.5172941833734512,
  "d_gp": 0.3352882144972682,
  "d_wass_loss": -17.15984320640564,
  "real_score": 14.642548680305481,
  "gen_score": -2.5172941833734512
}