{
  "d_loss": -12.536068797111511,
  "g_loss": 3.759434901177883,
  "d_gp": 0.29887935146689415,
  "d_wass_loss": -15.52486103773117,
  "real_score": 11.765427082777023,
  "gen_score": -3.759434901177883
}