{
  "d_loss": -12.165709108114243,
  "g_loss": 3.5595064610242844,
  "d_gp": 0.3022571802139282,
  "d_wass_loss": -15.188280403614044,
  "real_score": 11.628772765398026,
  "gen_score": -3.5595064610242844
}