{
  "d_loss": -6.173707365989685,
  "g_loss": 9.748299539089203,
  "d_gp": 0.31730781495571136,
  "d_wass_loss": -9.346785455942154,
  "real_score": -0.40151435579173267,
  "gen_score": -9.748299539089203
}