{
  "d_loss": -2.962344378232956,
  "g_loss": 8.57686647772789,
  "d_gp": 0.3583780871704221,
  "d_wass_loss": -6.546125516295433,
  "real_score": -2.030740961432457,
  "gen_score": -8.57686647772789
}