{
  "d_loss": 5.7137245535850525,
  "g_loss": 1.7460941784083843,
  "d_gp": 0.605751970782876,
  "d_wass_loss": -0.3437956804409623,
  "real_score": -1.4022985361516476,
  "gen_score": -1.7460941784083843
}