{
  "d_loss": -13.058441549539566,
  "g_loss": 3.4610445350408554,
  "d_gp": 0.3322330182418227,
  "d_wass_loss": -16.380771338939667,
  "real_score": 12.919727206230164,
  "gen_score": -3.4610445350408554
}