{
  "d_loss": -13.152270764112473,
  "g_loss": 3.479774609208107,
  "d_gp": 0.3205290660262108,
  "d_wass_loss": -16.357560843229294,
  "real_score": 12.877786815166473,
  "gen_score": -3.479774609208107
}