{
  "d_loss": -12.33617353439331,
  "g_loss": 3.6708680242300034,
  "d_gp": 0.2938312292098999,
  "d_wass_loss": -15.274485856294632,
  "real_score": 11.603617280721664,
  "gen_score": -3.6708680242300034
}