{
  "d_loss": -11.498461991548538,
  "g_loss": 4.853169992566109,
  "d_gp": 0.2856933241710067,
  "d_wass_loss": -14.355395317077637,
  "real_score": 9.50222560763359,
  "gen_score": -4.853169992566109
}