{
  "d_loss": -12.212840288877487,
  "g_loss": 3.78072776645422,
  "d_gp": 0.2874233634211123,
  "d_wass_loss": -15.087073504924774,
  "real_score": 11.306346744298935,
  "gen_score": -3.78072776645422
}