{
  "d_loss": 8.98409914970398,
  "g_loss": -0.051696381997317076,
  "d_gp": 0.8978828992694616,
  "d_wass_loss": 0.005270165403999272,
  "real_score": 0.04642621602397412,
  "gen_score": 0.051696381997317076
}