{
  "d_loss": 6.317117318511009,
  "g_loss": -0.05356799974106252,
  "d_gp": 0.6325864512473345,
  "d_wass_loss": -0.008747478750592563,
  "real_score": 0.062315475195646286,
  "gen_score": 0.05356799974106252
}