{
  "d_loss": 6.798448026180267,
  "g_loss": -0.02671872040082235,
  "d_gp": 0.6816664934158325,
  "d_wass_loss": -0.018216462281998247,
  "real_score": 0.04493518348317593,
  "gen_score": 0.02671872040082235
}