{
  "d_loss": 8.345320016145706,
  "g_loss": -0.04797004454303533,
  "d_gp": 0.8346657268702984,
  "d_wass_loss": -0.0013372140856517944,
  "real_score": 0.0493072597309947,
  "gen_score": 0.04797004454303533
}