{
  "d_loss": 7.502649217844009,
  "g_loss": -0.004226790068059927,
  "d_gp": 0.753945991396904,
  "d_wass_loss": -0.03681126603623852,
  "real_score": 0.0410380563698709,
  "gen_score": 0.004226790068059927
}