{
  "d_loss": 2.460684135556221,
  "g_loss": 0.6957406084984541,
  "d_gp": 0.2395086344331503,
  "d_wass_loss": 0.06559798610396683,
  "real_score": -0.7613385859876871,
  "gen_score": -0.6957406084984541
}