{
  "d_loss": 2.20115627348423,
  "g_loss": 0.8433690518140793,
  "d_gp": 0.22111788159236312,
  "d_wass_loss": -0.010022585513070226,
  "real_score": -0.8333464544266462,
  "gen_score": -0.8433690518140793
}