{
  "d_loss": 2.110857430845499,
  "g_loss": 0.817564282566309,
  "d_gp": 0.2113535227254033,
  "d_wass_loss": -0.002677773072718992,
  "real_score": -0.8148864712566137,
  "gen_score": -0.817564282566309
}