{
  "d_loss": 2.3611420392990112,
  "g_loss": 0.7995464950799942,
  "d_gp": 0.23362436331808567,
  "d_wass_loss": 0.024898306728573516,
  "real_score": -0.824444804340601,
  "gen_score": -0.7995464950799942
}