{
  "d_loss": 2.370662983506918,
  "g_loss": 0.7995634842664003,
  "d_gp": 0.2353388536721468,
  "d_wass_loss": 0.0172745295567438,
  "real_score": -0.8168380446732044,
  "gen_score": -0.7995634842664003
}