{
  "d_loss": 2.2017828784883022,
  "g_loss": 0.8396587520837784,
  "d_gp": 0.21885293861851096,
  "d_wass_loss": 0.01325365194134065,
  "real_score": -0.8529123440384865,
  "gen_score": -0.8396587520837784
}