{
  "d_loss": 2.9127634912729263,
  "g_loss": 0.3525995593518019,
  "d_gp": 0.26403126446530223,
  "d_wass_loss": 0.27245088247582316,
  "real_score": -0.6250503845512867,
  "gen_score": -0.3525995593518019
}