{
  "d_loss": 2.440434254705906,
  "g_loss": 0.7771788295358419,
  "d_gp": 0.24001870723441243,
  "d_wass_loss": 0.040247066877782345,
  "real_score": -0.8174259159713984,
  "gen_score": -0.7771788295358419
}