{
  "d_loss": 2.3982927575707436,
  "g_loss": 0.6442785989493132,
  "d_gp": 0.23265139944851398,
  "d_wass_loss": 0.07177862664684653,
  "real_score": -0.716057263314724,
  "gen_score": -0.6442785989493132
}