{
  "d_loss": 2.2990521118044853,
  "g_loss": 0.7700650990009308,
  "d_gp": 0.22636900702491403,
  "d_wass_loss": 0.03536212694598362,
  "real_score": -0.805427236482501,
  "gen_score": -0.7700650990009308
}