{
  "d_loss": 2.4609401002526283,
  "g_loss": 0.5995395015925169,
  "d_gp": 0.23733860114589334,
  "d_wass_loss": 0.08755393885076046,
  "real_score": -0.6870933957397938,
  "gen_score": -0.5995395015925169
}