{
  "d_loss": 2.436614289879799,
  "g_loss": 0.6803502012044191,
  "d_gp": 0.2393603278324008,
  "d_wass_loss": 0.04301106557250023,
  "real_score": -0.7233612332493067,
  "gen_score": -0.6803502012044191
}