{
  "d_loss": 2.0667916908860207,
  "g_loss": 0.8478439878672361,
  "d_gp": 0.20441349362954497,
  "d_wass_loss": 0.02265674705267884,
  "real_score": -0.8705007433891296,
  "gen_score": -0.8478439878672361
}