{
  "d_loss": 2.7428441122174263,
  "g_loss": 0.3948742728680372,
  "d_gp": 0.2512505669146776,
  "d_wass_loss": 0.23033843003213406,
  "real_score": -0.6252127513289452,
  "gen_score": -0.3948742728680372
}