{
  "d_loss": 2.333293005824089,
  "g_loss": 0.7017542738467455,
  "d_gp": 0.2284008515998721,
  "d_wass_loss": 0.04928465699777007,
  "real_score": -0.7510389741510153,
  "gen_score": -0.7017542738467455
}