{
  "d_loss": 2.0532940328121185,
  "g_loss": 0.8430135753005743,
  "d_gp": 0.20310430880635977,
  "d_wass_loss": 0.022250774651183747,
  "real_score": -0.8652643766254187,
  "gen_score": -0.8430135753005743
}