{
  "d_loss": 1.9745008125901222,
  "g_loss": 0.8407069090753794,
  "d_gp": 0.19356989953666925,
  "d_wass_loss": 0.03880185988964513,
  "real_score": -0.8795087747275829,
  "gen_score": -0.8407069090753794
}