{
  "d_loss": 3.3480956479907036,
  "g_loss": 0.4078752975910902,
  "d_gp": 0.28902061842381954,
  "d_wass_loss": 0.45788927283138037,
  "real_score": -0.8657645415514708,
  "gen_score": -0.4078752975910902
}