{
  "d_loss": 2.1510841213166714,
  "g_loss": 0.8070286083966494,
  "d_gp": 0.21235959278419614,
  "d_wass_loss": 0.027487868122989312,
  "real_score": -0.8345164079219103,
  "gen_score": -0.8070286083966494
}