{
  "d_loss": 2.179864142090082,
  "g_loss": 0.7753744926303625,
  "d_gp": 0.21499021956697106,
  "d_wass_loss": 0.02996196572894405,
  "real_score": -0.8053364995867014,
  "gen_score": -0.7753744926303625
}