{
  "d_loss": 2.229719862341881,
  "g_loss": 0.7887749634683132,
  "d_gp": 0.21932093147188425,
  "d_wass_loss": 0.03651077579706907,
  "real_score": -0.8252856843173504,
  "gen_score": -0.7887749634683132
}