{
  "d_loss": 2.265857107937336,
  "g_loss": 0.8010921329259872,
  "d_gp": 0.22492372198030353,
  "d_wass_loss": 0.016619796282611787,
  "real_score": -0.8177119642496109,
  "gen_score": -0.8010921329259872
}