{
  "d_loss": 2.501048430800438,
  "g_loss": 0.658175116404891,
  "d_gp": 0.24235553573817015,
  "d_wass_loss": 0.077493064571172,
  "real_score": -0.7356681991368532,
  "gen_score": -0.658175116404891
}