{
  "d_loss": 3.0761548802256584,
  "g_loss": 0.31197000946849585,
  "d_gp": 0.27395379077643156,
  "d_wass_loss": 0.33661670330911875,
  "real_score": -0.6485867034643888,
  "gen_score": -0.31197000946849585
}