{
  "d_loss": 2.482399705797434,
  "g_loss": 0.7091429382562637,
  "d_gp": 0.2431591129861772,
  "d_wass_loss": 0.05080877337604761,
  "real_score": -0.7599517293274403,
  "gen_score": -0.7091429382562637
}