{
  "d_loss": 3.3956408947706223,
  "g_loss": 0.27006186731159687,
  "d_gp": 0.2932755220681429,
  "d_wass_loss": 0.4628855148330331,
  "real_score": -0.7329474240541458,
  "gen_score": -0.27006186731159687
}