{
  "d_loss": 2.4366071671247482,
  "g_loss": 0.6906899940222502,
  "d_gp": 0.2360687991604209,
  "d_wass_loss": 0.07591907260939479,
  "real_score": -0.7666091322898865,
  "gen_score": -0.6906899940222502
}