{
  "d_loss": 2.391384318470955,
  "g_loss": 0.7746183164417744,
  "d_gp": 0.23352628108114004,
  "d_wass_loss": 0.05612143501639366,
  "real_score": -0.8307397197932005,
  "gen_score": -0.7746183164417744
}