{
  "d_loss": 2.1529320552945137,
  "g_loss": 0.8701011389493942,
  "d_gp": 0.21458126790821552,
  "d_wass_loss": 0.007119254593817459,
  "real_score": -0.8772203885018826,
  "gen_score": -0.8701011389493942
}