{
  "d_loss": 2.50005404278636,
  "g_loss": 0.7558016888797283,
  "d_gp": 0.24792384635657072,
  "d_wass_loss": 0.02081568437279202,
  "real_score": -0.7766173724085093,
  "gen_score": -0.7558016888797283
}