{
  "d_loss": 2.3834757544100285,
  "g_loss": 0.7438823878765106,
  "d_gp": 0.23030624818056822,
  "d_wass_loss": 0.0804132604971528,
  "real_score": -0.8242954630404711,
  "gen_score": -0.7438823878765106
}