{
  "d_loss": 2.214983493089676,
  "g_loss": 0.7736194003373384,
  "d_gp": 0.2155223386362195,
  "d_wass_loss": 0.05975984944961965,
  "real_score": -0.8333792444318533,
  "gen_score": -0.7736194003373384
}