{
  "d_loss": 2.695057511329651,
  "g_loss": 0.4491877807304263,
  "d_gp": 0.25094402115792036,
  "d_wass_loss": 0.1856171595863998,
  "real_score": -0.6348049640655518,
  "gen_score": -0.4491877807304263
}