{
  "d_loss": 2.158511195331812,
  "g_loss": 0.782187519595027,
  "d_gp": 0.21333132963627577,
  "d_wass_loss": 0.02519787210621871,
  "real_score": -0.8073853645473719,
  "gen_score": -0.782187519595027
}