{
  "d_loss": 2.46988208219409,
  "g_loss": 0.6305490955710411,
  "d_gp": 0.23733985237777233,
  "d_wass_loss": 0.09648364130407572,
  "real_score": -0.7270327154546976,
  "gen_score": -0.6305490955710411
}