{
  "d_loss": 2.391703948378563,
  "g_loss": 0.6808208413422108,
  "d_gp": 0.2330770017579198,
  "d_wass_loss": 0.06093351624440402,
  "real_score": -0.7417543474584818,
  "gen_score": -0.6808208413422108
}