{
  "d_loss": 2.1580896601080894,
  "g_loss": 0.8072776850312948,
  "d_gp": 0.21308232750743628,
  "d_wass_loss": 0.02726662758504972,
  "real_score": -0.8345443475991488,
  "gen_score": -0.8072776850312948
}