{
  "d_loss": 2.1431146673858166,
  "g_loss": 0.8031203988939524,
  "d_gp": 0.20932275103405118,
  "d_wass_loss": 0.04988724953727797,
  "real_score": -0.8530076406896114,
  "gen_score": -0.8031203988939524
}