{
  "d_loss": 2.311575308442116,
  "g_loss": 0.7733596488833427,
  "d_gp": 0.22606620658189058,
  "d_wass_loss": 0.05091334867756814,
  "real_score": -0.8242730386555195,
  "gen_score": -0.7733596488833427
}