{
  "d_loss": 2.110920201987028,
  "g_loss": 0.8614918384701014,
  "d_gp": 0.21289966255426407,
  "d_wass_loss": -0.018076484266202897,
  "real_score": -0.8434153310954571,
  "gen_score": -0.8614918384701014
}