{
  "d_loss": 2.45238284021616,
  "g_loss": 0.7201795186847448,
  "d_gp": 0.24088514875620604,
  "d_wass_loss": 0.043531237286515534,
  "real_score": -0.7637108583003283,
  "gen_score": -0.7201795186847448
}