{
  "d_loss": 2.6065414622426033,
  "g_loss": 0.5208529960364103,
  "d_gp": 0.24692948395386338,
  "d_wass_loss": 0.13724659965373576,
  "real_score": -0.6580995600670576,
  "gen_score": -0.5208529960364103
}