{
  "d_loss": 2.424481563270092,
  "g_loss": 0.782780023291707,
  "d_gp": 0.24112531635910273,
  "d_wass_loss": 0.013228551935753785,
  "real_score": -0.7960085645318031,
  "gen_score": -0.782780023291707
}