{
  "d_loss": 2.367312416434288,
  "g_loss": 0.7306480966508389,
  "d_gp": 0.23319480894133449,
  "d_wass_loss": 0.03536417568102479,
  "real_score": -0.766012279316783,
  "gen_score": -0.7306480966508389
}