{
  "d_loss": 2.322048742324114,
  "g_loss": 0.7694830168038607,
  "d_gp": 0.23052526358515024,
  "d_wass_loss": 0.016795889619970694,
  "real_score": -0.7862788923084736,
  "gen_score": -0.7694830168038607
}