{
  "d_loss": 9.037072002887726,
  "g_loss": -0.007730724068096606,
  "d_gp": 0.9030856527388096,
  "d_wass_loss": 0.006215096989762969,
  "real_score": 0.0015156264283007204,
  "gen_score": 0.007730724068096606
}