{
  "d_loss": 8.945310652256012,
  "g_loss": -0.018832771631423384,
  "d_gp": 0.8930288851261139,
  "d_wass_loss": 0.015021973435068503,
  "real_score": 0.003810798210906796,
  "gen_score": 0.018832771631423384
}