{
  "d_loss": 8.921682059764862,
  "g_loss": -0.03986210748553276,
  "d_gp": 0.8893408440053463,
  "d_wass_loss": 0.028273921634536237,
  "real_score": 0.01158818497788161,
  "gen_score": 0.03986210748553276
}