{
  "d_loss": 8.919376581907272,
  "g_loss": -0.031503495993092656,
  "d_gp": 0.889689801260829,
  "d_wass_loss": 0.022477340942714363,
  "real_score": 0.009026153857121244,
  "gen_score": 0.031503495993092656
}