{
  "d_loss": 8.874361217021942,
  "g_loss": -0.039104696479626,
  "d_gp": 0.8849365469068289,
  "d_wass_loss": 0.024996307853143662,
  "real_score": 0.014108394971117377,
  "gen_score": 0.039104696479626
}