{
  "d_loss": 8.963909566402435,
  "g_loss": -0.022595040791202337,
  "d_gp": 0.8947655688971281,
  "d_wass_loss": 0.01625350970425643,
  "real_score": 0.006341531217913143,
  "gen_score": 0.022595040791202337
}