{
  "d_loss": 8.99265119433403,
  "g_loss": -0.008631230230093934,
  "d_gp": 0.9001947343349457,
  "d_wass_loss": -0.009296345670009032,
  "real_score": 0.017927576089277864,
  "gen_score": 0.008631230230093934
}