{
  "d_loss": 4.8443450927734375,
  "g_loss": -0.019297104328870773,
  "d_gp": 0.43295004963874817,
  "d_wass_loss": 0.5148435235023499,
  "real_socre": -0.49554651975631714,
  "gen_score": 0.019297104328870773
}