{
  "d_loss": 4.973925590515137,
  "g_loss": -0.01871652901172638,
  "d_gp": 0.44609567523002625,
  "d_wass_loss": 0.5129691958427429,
  "real_socre": -0.49425265192985535,
  "gen_score": 0.01871652901172638
}