{
  "d_loss": 4.998586654663086,
  "g_loss": -0.01988864317536354,
  "d_gp": 0.44818586111068726,
  "d_wass_loss": 0.5167280435562134,
  "real_socre": -0.49683937430381775,
  "gen_score": 0.01988864317536354
}