{
  "d_loss": 5.1326680183410645,
  "g_loss": -0.020499546080827713,
  "d_gp": 0.46140676736831665,
  "d_wass_loss": 0.5186007022857666,
  "real_socre": -0.49810120463371277,
  "gen_score": 0.020499546080827713
}