{
  "d_loss": 4.914497375488281,
  "g_loss": -0.02378852106630802,
  "d_gp": 0.4386410415172577,
  "d_wass_loss": 0.5280871391296387,
  "real_socre": -0.5042985677719116,
  "gen_score": 0.02378852106630802
}