{
  "d_loss": 4.893160343170166,
  "g_loss": -0.022426648065447807,
  "d_gp": 0.4368899166584015,
  "d_wass_loss": 0.5242610573768616,
  "real_socre": -0.5018344521522522,
  "gen_score": 0.022426648065447807
}