{
  "d_loss": 4.854382514953613,
  "g_loss": -0.02448500506579876,
  "d_gp": 0.43243852257728577,
  "d_wass_loss": 0.5299968719482422,
  "real_socre": -0.5055119395256042,
  "gen_score": 0.02448500506579876
}