{
  "d_loss": 4.851379871368408,
  "g_loss": -0.02310144156217575,
  "d_gp": 0.4325198233127594,
  "d_wass_loss": 0.5261814594268799,
  "real_socre": -0.5030800104141235,
  "gen_score": 0.02310144156217575
}