{
  "d_loss": 4.99951696395874,
  "g_loss": -0.021123412996530533,
  "d_gp": 0.4479023516178131,
  "d_wass_loss": 0.5204936265945435,
  "real_socre": -0.4993702471256256,
  "gen_score": 0.021123412996530533
}