{
  "d_loss": 4.939195156097412,
  "g_loss": -0.021764986217021942,
  "d_gp": 0.4416828751564026,
  "d_wass_loss": 0.5223658680915833,
  "real_socre": -0.5006008744239807,
  "gen_score": 0.021764986217021942
}