{
  "d_loss": 7.624016344547272,
  "g_loss": -3014476.90625,
  "d_gp": 0.761114127933979,
  "d_wass_loss": 0.012874826410552487,
  "real_score": 3014476.90625,
  "gen_score": 3014476.90625
}