{
  "d_loss": 6.777889549732208,
  "g_loss": -4063523.0390625,
  "d_gp": 0.6779988240450621,
  "d_wass_loss": -0.0020984106813557446,
  "real_score": 4063523.0390625,
  "gen_score": 4063523.0390625
}